Producto;Precio más bajo (S/);
COCA COLA Tripack Gaseosa 3 L + Inca Kola 3 L + Fanta 3 L;22.9;
COCA COLA Gaseosa Pack 2 Botellas 3 L;22;
INCA KOLA Gaseosa Pack 2 Botellas 3 L;22;
CIELO Agua Sin Gas Bidón 20 L;23.9;
SAN MATEO Agua Sin Gas Bidón 7 L;6.9;
CIELO Agua Sin Gas Bidón 7 L;6.9;
SAN LUIS Agua Bidón 7 L;6.5;
EVERVESS Ginger Ale Pack 2 Botellas 1.5 L;11.6;
FANTA Gaseosa Naranja 3 L + Kola Inglesa 3 L + Sprite 3 L;18.9;
SAN CARLOS Agua Sin Gas Pack 20 Botellas 500 mL;13.9;
SAN LUIS Agua Sin Gas Caja 20 L;22.9;
INCA KOLA Gaseosa Coca Kola 3 L + 2 IncaKola 3 L;32.3;
COCA COLA Gaseosa Pack 2 Botellas 1 L;7.8;
COCA COLA Gaseosa Botella 3 L;12.1;
FRUGOS DEL VALLE Bebida 2 Durazno 970 mL + Naranja 970 mL;10.9;
SAN CARLOS Agua Bidón 20 L;22.9;
CIELO Agua Sin Gas Botella 2.5 L;2.9;
COCA COLA Pack Gaseosas Mini CocaCola + Inca Kola + Fanta + Sprite;19.5;
FANTA Gaseosa Kola Inglesa Botella 3 L;6.5;
COCA COLA Gaseosa Sin Azúcar 1.5 L + Inka Cola Sin Azúcar 1.5 L;10.9;
COCA COLA Gaseosa Botella 1.5 L;6.9;
SPORADE Bebida Rehidratante Surtido Sixpack Botella 500 mL;10.9;
FRUGOS DEL VALLE Bebida Frugos Fresh Citrus Naranja Botella 3 L;6.9;
SCHWEPPES Gaseosa Ginger Ale Pack 2 Botellas 1.5 L;9.9;
SPRITE Gaseosa Lima Limón Botella 3 L;6.5;
FRUGOS DEL VALLE Bebida Frugos Durazno Sixpack Caja 235 mL;8.2;
SAN MATEO Agua Sin Gas Sixpack Botella 600 mL;8.3;
INCA KOLA Gaseosa Botella 1 L;4;
SAN MATEO Agua Con Gas Sixpack Botella 600 mL;8.3;
PULP Bebida Forti Hierro Pack 12 Cajas 145 mL;11.5;
YOLEIT Bebida Frugos Durazno Caja 1.45 L;5.7;
COCA COLA Gaseosa Sin Azúcar Botella 1 L;4;
INCA KOLA Gaseosa Botella 1.5 L;6.9;
CIELO Agua Con Gas Sabor Manzana Botella 600 mL;1.9;
MONSTER Bebida Energizante Energy Ultra Lata 473 mL;8;
MONSTER Bebida Energizante Energy Lata 473 mL;8;
COCA COLA Gaseosa Cereza Lata 355 mL;6.9;
COCA COLA Gaseosa Zero Pack 2 Botellas 1.5 L;10.9;
FANTA Gaseosa Naranja Botella 3 L;6.5;
GLORIA Bebida Piña Caja 1 L;3.9;
CIELO Agua Con Gas Sabor Limón Botella 600 mL;1.9;
INCA KOLA Gaseosa Sin Azúcar Sixpack Botella 300 mL;10;
GLORIA Bebida Naranja Caja 1.5 L;5.9;
FRUGOS DEL VALLE Bebida Frugos Naranja Sixpack Caja 235 mL;8.2;
SAN LUIS Agua Sin Gas Sixpack Botella 2.5 L;16.9;
GLORIA Bebida Naranja Caja 1 L;3.9;
INCA KOLA Gaseosa IncaKola 3 L + Fanta Naranja 3 L + Sprite 3 L;23.3;
FRUGOS DEL VALLE Bebida Frugos Manzana Sixpack Caja 235 mL;8.2;
INCA KOLA Gaseosa Sin Azúcar Botella 1 L;4;
MR PERKINS Agua Tonica Pack 4 Botellas 200 mL;23.9;
Bebida Rehidratante Dilyte Manzana Botella 650 mL;3.5;
GLORIA Bebida Mango Caja 1 L;3.9;
WINTER'S Cocoa Winters Envase 180 g;19;
FANTA Gaseosa Kola Inglesa Botella 500 mL;2.7;
TOTTUS Gaseosa Fresh Cola Negra Botella 3 L;4.9;
SCHAGREEN Chía Omega 3 Bolsa 250 g;18.85;
TOTTUS Gaseosa Fresh Cola Amarilla Botella 3 L;4.9;
FRUGOS DEL VALLE Bebida Frugos Mango Sixpack Caja 235 mL;8.2;
GUARANA Gaseosa Guaraná Botella 450 mL;1.6;
GLORIA Bebida Durazno Caja 500 mL;2.5;
TOTTUS Chicha Morada Botella 1 L;5.9;
GLORIA Bebida Piña Sixpack Caja 200 mL;7.5;
INCA KOLA Gaseosas Fanta Naranja 3 L + Fanta Kola Inglesa 3 L + 3 L;23.3;
GLORIA Bebida Chicha Morada Botella 1 L;5.5;
BIO AMAYU Bebida Aguaje Botella 300 mL;4.2;
LOA Agua Sabor Piña Botella 625 mL;1.7;
COCA COLA Gaseosa Zero Botella 1.5 L;6.9;
GLORIA Bebida Naranja Caja 500 mL;2.5;
DONOFRIO Agua Tónica Britvic India Pack 12 Latas 150 mL;59.9;
TOTTUS Gaseosa Fresh Cola Roja Botella 3 L;4.9;
POWERADE Bebida Rehidratante Sour Manzana Verde Botella 600 mL;2.4;
GLORIA Bebida Durazno Sixpack Caja 200 mL;7.5;
SOCOSANI Agua Mineral Con Gas Botella 500 mL;2.4;
GLORIA Bebida Chicha Morada Botella 3 L;7.9;
CIELO Agua Con Gas Sabor Limón Botella 350 mL;1.4;
PEPSI Gaseosa 3 L + 7 Up 3 L+ Concordia Naranja 3 L;19.9;
LIPTON Té Durazno Botella 500 mL;1.9;
TOTTUS Gaseosa Fresh Cola Lima Limón Botella 3 L;4.9;
GLORIA Bebida Surtido Caja 500 mL;2.5;
SPORADE Bebida Rehidratante Blueberry Botella 500 mL;2.4;
MOGU MOGU Bebida Mango Botella 320 mL;4.95;
TOTTUS Mini Ravioles con Carne y Verduras Empaque 500 g;12.9;
SAN LUIS Bebida Gasificada Manzana Botella 1.5 L;4.5;
WATTS Bebida Pera Caja 946 mL;3.9;
WATTS Bebida Durazno Botella 350 mL;2.1;
MOGU MOGU Bebida Fresa Botella 320 mL;5.5;
MOGU MOGU Bebida Cotton Candy Botella 320 mL;5.5;
MOGU MOGU Bebida Bubble Gum Botella 320 mL;5.5;
GLORIA Bebida Naranja Sixpack Caja 200 mL;7.5;
WATTS Bebida Durazno Caja 946 mL;3.9;
ZUKO Bebida Instantánea en Polvo Limonada Sobre 15 g;1.2;
GLORIA Bebida Piña Caja 1.5 L;5.5;
FREE TEA Bebida Té Negro Frutos Rojos Botella 500 mL;2.5;
FANTA Gaseosa Naranja Sixpack Botella 500 mL;13.5;
Shot para la Resaca Seizam Pack 10 Botellas 100 mL;128.9;
SOL DEL CUSCO Chocolate Pasta Pura Empaque 80 g;13.7;
SUEROX Bebida Rehidratante Surtido Pack 4 Botellas 630 mL;19.5;
FRUGOS DEL VALLE Bebida Frugos Naranja Caja 1.45 L;5.7;
COCA COLA Gaseosa Original Lata 355 mL;6.9;
FRUGOS DEL VALLE Bebida Frugos Durazno Botella 300 mL;2.5;
SAN LUIS Agua Limón Botella 1.5 L;4.5;
Shot para la Resaca Seizam Botella 100 mL;13.9;
PEPSI Gaseosa Cola Botella 1 L;3.5;
POWERADE Bebida Rehidratante Multifrutas Botella 1.5 L;5.5;
SAN LUIS Agua Sin Gas Pack 15 Botellas 750 mL;19.9;
INCA KOLA Gaseosa Zero Vidrio Sixpack Botella 300 mL;16.5;
CIFRUT Bebida Citrus Punch Botella 3.03 L;6.9;
BRITVIC Ginger Beer Pack 4 Latas 150 mL;14.9;
COCA COLA Gaseosa Coca Cola Zero Botella 300 mL;2;
POWERADE Bebida Rehidratante Multifrutas Botella 600 mL;2.4;
POWERADE Bebida Rehidratante Limón Botella 600 mL;2.4;
POWERADE Bebida Rehidratante Uva Botella 600 mL;2.4;
PEPSI Gaseosa Cola Botella 1.5 L;5.5;
PEPSI Gaseosa Cola Botella 2 L;6.5;
CANADA DRY Agua Tónica Lata 355 mL;6.9;
SAPPE Bebida Beauti Drink Slim Botella 360 mL;4.9;
KERO Bebida Aloe Sabor Uva Botella 1 L;8.9;
SPORADE Bebida Rehidratante Surtido Pack 12 Botellas 500 mL;19.5;
SAN LUIS Agua Sin Gas Sixpack Botella 750 mL;8.5;
PULP Bebida Durazno Botella 300 mL;2.2;
BIG COLA Gaseosa Botella 1.7 L;4.3;
MESSI Bebida Rehidratante Mas+ By Orange Dor Botella 500 mL;16.5;
Bebida Rehidratante Mas+ By Messi Limon Lime Botella 500 mL;16.5;
Bebida Rehidratante Mas+ By Messi Miami Punch Botella 500 mL;16.5;
UMSHA Gelatina Bebible Frutisimos Fresa Sobre 20 g;3.2;
FRUMAS Bebida Mango Sandía Botella 400 mL;4.5;
CIFRUT Bebida Fruit Punch Botella 3 L;6.5;
GLORIA Bebida Piña Caja 500 mL;2.5;
CIELO Agua Con Gas Sabor Maracuyá Botella 600 mL;1.9;
COCA COLA Gaseosas 2 3 L + 1 Inca Kola 3 L;32.3;
GUARANA Gaseosa Guaraná Botella 300 mL;1.2;
INCA KOLA Gaseosa Botella 3 L;12.1;
FRUGOS DEL VALLE Bebida Frugos Durazno Botella 1 L;4.6;
BIO AMAYU Bebida Camu Camu Botella 300 mL;3.9;
CIELO Agua Con Gas Sabor Manzana Botella 350 mL;1.4;
PEPSI Gaseosa Cola Botella 600 mL;2.5;
FRUTARIS Bebida Frutas Cítricas Botella 3 L;4.9;
CIELO Agua Alcalina Sixpack Botella 650 mL;10.2;
BIO AMAYU Bebida Arándano Botella 300 mL;3.9;
MONSTER Bebida Energizante Energry Zero Lata 473 mL;8;
TOTTUS Chicha Morada Botella 500 mL;3.5;
PEPSI Gaseosa 3 L+ 7 Up 3 L + Concordia Piña 3 L;19.9;
SUEROX Bebida Rehidratante Mora Azul Botella 630 mL;6.5;
SCHWEPPES Ginger Ale Botella 1.5 L;6.6;
SPORADE Bebida Rehidratante Tropical Botella 625 mL;2.9;
CIELO Agua Con Gas Sabor Maracuyá Botella 600 mL;1.9;
GLORIA Bebida Piña Caja 500 mL;2.5;
RED BULL Energizante Lata 250 mL;7.9;
FRUMAS Bebida Mango Maracuyá Botella 400 mL;4.5;
FRUGOS DEL VALLE Bebida Frugos Naranja Botella 1 L;4.6;
POWERADE Bebida Rehidratante Uva Botella 600 mL;2.4;
JOKER Pink Soda Toronja Mr Perkins Pack 4 Botellas 200 mL;23.9;
LEAF TEA Bebida Té Verde con Limón Botella 400 mL;1.8;
SAPPE Bebida Beauti Drink Beautitox Botella 360 mL;4.9;
GATORADE Bebida Rehidratante Tropical Botella 500 mL;2.5;
GUARANA Gaseosa Guaraná Botella 2 L;6.5;
SAPPE Bebida Beauti Drink Collaskin Botella 360 mL;4.9;
PEPSI Gaseosa Cola Botella 450 mL;2;
FRUMAS Bebida Fru+ de Fresa Plátano Botella 400 mL;4.5;
SAN MATEO Agua Sin Gas Botella 2.5 L;3.2;
SOCOSANI Bebida Limón Botella Botella 500 mL;1.8;
CONCORDIA Gaseosa Sabor Piña Botella 3 L;6.2;
SCHWEPPES Gaseosa Citrus Pack 2 Botellas 1.5 L;9.9;
BRITVIC Agua Tónica Low Calorie Pack 4 Latas 150 mL;14.9;
SPORADE Bebida Rehidratante Mandarina Botella 500 mL;2.4;
CIELO Agua Sin Gas Botella 625 mL;1.5;
COCA COLA Gaseosas 2 3 L + 1 Inca Kola 3 L;32.3;
TOTTUS Ravioles con Cuatro Quesos Empaque 500 g;9.9;
MOGU MOGU Bebida Uva Botella 320 mL;5.5;
LOA Agua Sabor Manzana Botella 625 mL;1.7;
CRUSH Gaseosa Fresa Lata 355 mL;6.9;
TOTTUS Gaseosa Fresh Cola Naranja Botella 3 L;4.9;
SAN MATEO Agua Sin Gas Botella 1.5 L;2.9;
PULP Bebida Durazno Sixpack Caja 315 mL;8.5;
7UP Gaseosa Seven Up Botella 3 L;6.2;
SAN MATEO Agua Con Gas Botella 600 mL;2.2;
BIO AMAYU Bebida Camu Camu Botella 300 mL;3.9;
TOTTUS Agua Sin Gas Sixpack Botella 2.5 L;11.5;
LIPTON Té Limón Botella 500 mL;1.9;
SAN LUIS Bebida Con Gas Maracuyá Botella 625 mL;2.2;
FANTA Gaseosa Fresa Lata 355 mL;6.9;
CIELO Agua Sin Gas Botella 1 L;2.5;
ECOANDINO Manteca de Cacao Orgánica Caja 250 g;40.5;
SAN LUIS Bebida Con Gas Manzana Botella 625 mL;2.2;
MR PERKINS Pink Soda Toronja Botella 200 mL;6.5;
NATURALE Bebida Chicha Morada Botella 1.9 L;12.5;
FRUMAS Bebida Piña Maracuyá Botella 400 mL;4.5;
BRITVIC Agua Tónica Pack 4 Latas 150 mL;14.9;
CIELO Agua Alcalina Sixpack Botella 650 mL;10.2;
Bebida Amayu Aloe Original Botella 500 mL;4.8;
PEPSI Gaseosa Cola 3 L + 7 Up 3 L;14.9;
Bebida Amayu Aloe Frutos Rojos Botella 500 mL;4.8;
ZUKO Bebida Instantánea en Polvo Durazno Sobre 15 g;1.2;
COCA COLA Gaseosa Sixpack Botella 500 mL;15.5;
JOKER Pink Soda Toronja Mr Perkins Pack 4 Botellas 200 mL;23.9;
POWERADE Bebida Rehidratante Limón Botella 600 mL;2.4;
POWERADE Bebida Rehidratante Uva Botella 600 mL;2.4;
POWERADE Bebida Rehidratante Multifrutas Botella 600 mL;2.4;
PEPSI Gaseosa 3 L+ 7 Up 3 L + Concordia Piña 3 L;19.9;
SCHWEPPES Ginger Ale Botella 1.5 L;6.6;
GUARANA Gaseosa Guaraná Botella 300 mL;1.2;
PULP Bebida Durazno Sixpack Caja 315 mL;8.5;
SAN LUIS Bebida Con Gas Maracuyá Botella 625 mL;2.2;
LOA Agua Sabor Manzana Botella 625 mL;1.7;
GUARANA Gaseosa Guaraná Botella 2 L;6.5;
Bebida en Polvo Clight Limón Sobre 14 g;2.4;
PURA VIDA Agua Sin Gas Botella 650 mL;1;
FRUMAS Bebida Mango Maracuyá Botella 400 mL;4.5;
FRUMAS Bebida Mango Sandía Botella 400 mL;4.5;
FRUGOS DEL VALLE Bebida Frugos Durazno Botella 1 L;4.6;
BRITVIC Ginger Ale Pack 12 Latas 150 mL;59.9;
SOCOSANI Agua Manzana Botella 500 mL;1.8;
GLORIA Bebida Durazno Caja 1.5 L;5.5;
SPRITE Gaseosa Lima Limón Lata 355 mL;6.9;
CIELO Agua Con Gas Sabor Pera Botella 350 mL;1.4;
TAMPICO Bebida Citrus Punch Botella 3.78 L;11.9;
CRUSH Gaseosa Fresa Lata 355 mL;6.9;
POWERADE Bebida Rehidratante Mora Sixpack Botella 600 mL;11.4;
TOTTUS Agua Sin Gas Bidón 7 L;4.9;
TOTTUS Bebida Energizante Fury Energy Gold Botella 350 mL;2.5;
TAMPICO Bebida Citrus Punch Botella 600 mL;3.2;
TAMPICO Bebida Citrus Punch Botella 1.5 L;4.3;
RED BULL Energizante Sin Azúcar Lata 250 mL;7.9;
SAN LUIS Agua Sin Gas Botella 750 mL;1.8;
FREE TEA Bebida Té Negro Durazno Botella 500 mL;2.5;
TOTTUS Agua de Mesa Sin Gas Caja 20 L;18.5;
TAMPICO Bebida Citrus Punch Botella 3 L;7.3;
TAMPICO Bebida Citrus Punch Botella 500 mL;1.8;
SCHWEPPES Gaseosa Citrus Pack 2 Botellas 1.5 L;9.9;
ARUBA Bebida Sabor Granadilla Punch Botella 1.5 L;3.69;
ARUBA Bebida Sabor Citrus Punch Botella 1.5 L;3.69;
SAN LUIS Agua Limón Sixpack Botella 625 mL;11;
FRUGOS DEL VALLE Bebida Frugos Manzana Caja 1.45 L;5.7;
SAN LUIS Agua Sin Gas Botella 1 L;1.9;
SAPPE Bebida Aloe Vera Manzana Botella 300 mL;5.9;
KERO Bebida Mango Maracuyá Camu Camu Botella 475 mL;4.4;
DRINK T Bebida Sabor Limón Botella 475 mL;2.4;
SOCOSANI Agua Frutos Rojos Botella 500 mL;1.8;
LONDA Bebida Blueberry Botella 1.89 L;10.9;
POWERADE Bebida Rehidratante Multifrutas Botella 1 L;4;
RED BULL Energizante Green Edition Lata 250 mL;7.9;
MR PERKINS Agua Tonica Blossom Pack 4 Botellas 200 mL;23.9;
VOLT Bebida Energizante Gamer Lata 473 mL;5;
SPORADE Bebida Rehidratante Apple Ice Sin Azúcar Botella 500 mL;2.4;
COCA COLA Gaseosa Botella 1 L;4;
SCHWEPPES Ginger Ale Citrus Botella 500 mL;2.8;
SOCOSANI Agua Mineral Con Gas Botella 355 mL;3.6;
SOCOSANI Agua Mineral Con Gas Botella 1.5 L;5.9;
SUEROX Bebida Rehidratante Frutos Tropicales Pack 4 Botellas 630 mL;19.5;
MR PERKINS Pineapple Punch Pack 4 Botellas 200 mL;23.9;
ECOANDINO Pasta de Cacao Orgánica Caja 250 g;32.1;
TAMPICO Bebida Citrus Punch Botella 1.87 L;7.2;
Bebida Rehidratante Dilyte Blueberry Botella 650 mL;3.5;
Bebida Rehidratante Flashlyte Uva Botella 625 mL;6;
Bebida Rehidratante Flashlyte Fresa Botella 625 mL;6;
RED BULL Energizante Red Edition 250 mL;7.9;
PEPSI Gaseosa Botella 3 L;9.5;
SUEROX Bebida Rehidratante Mora Pack 4 Botellas 630 mL;19.5;
SUEROX Bebida Rehidratante Fresa Kiwi Pack 4 Botellas 630 mL;19.5;
GUARANA Gaseosa Guaraná Botella 3.01 L;7.9;
SOCOSANI Bebida Limón Botella Botella 500 mL;1.8;
SAN MATEO Agua Sin Gas Botella 2.5 L;3.2;
MONSTER Bebida Energizante Energy Mango Loco Lata 473 mL;8;
NATURALE Bebida Piña Botella 1 L;8.9;
PURA VIDA Agua Sin Gas Botella 3 L;2.9;
FRUMAS Bebida Fru+ de Fresa Plátano Botella 400 mL;4.5;
MOGU MOGU Bebida Uva Botella 320 mL;5.5;
PEPSI Gaseosa Cola Botella 450 mL;2;
WINTER'S Cocoa Winters Bolsa 360 g;33;
BRITVIC Agua Tónica Low Calorie Pack 4 Latas 150 mL;14.9;
CONCORDIA Gaseosa Sabor Piña Botella 3 L;6.2;
Bebida Rehidratante Dilyte Kiwi Fresa Botella 650 mL;3.5;
ELECTROLIGHT Bebida Rehidratante Cero Piña Botella 475 mL;2.2;
FRUVI Bebida Mango Botella 1 L;5.5;
POWERADE Bebida Rehidratante Maracuyá Botella 600 mL;2.4;
NATURALE Bebida Piña Golden Botella 500 mL;4.9;
FEVER TREE Agua Tónica Mediterranean Pack 4 Botellas 200 mL;29.9;
COOL Gaseosa Fresh Amarilla Botella 350 mL;1.4;
COOL Gaseosa Fresh Piña Botella 350 mL;1.4;
CLIGHT Bebida En Polvo Naranja Caja 15 Bolsas 14 g;36;
COOL Gaseosa Fresh Cola Botella 350 mL;1.4;
SCHWEPPES Ginger Ale Citrus Botella 1.5 L;6.6;
INCA KOLA Gaseosa Botella 500 mL;3;
VOLT Bebida Energizante Blueberry Maca Botella 300 mL;2.5;
TOTTUS Agua Botella 625 mL;1;
NATURALE Bebida Emoliente Botella 1 L;7.9;
RED BULL Energizante Pack 4 Latas 250 mL;28.5;
RED BULL Energizante Sixpack Lata 250 mL;39.5;
INCA KOLA Gaseosa Botella 500 mL;3;
TOTTUS Agua Botella 625 mL;1;
INCA KOLA Gaseosa Sin Azúcar Botella 500 mL;3;
NATURALE Bebida Maracuyá Botella 1 L;8.9;
VOLT Bebida Energizante Yellow Botella 300 mL;2.5;
FRUGOS DEL VALLE Bebida Frugos Fresh Fruit Punch Botella 500 mL;1.7;
FRUGOS DEL VALLE Bebida Frugos Fresh Manzana Botella 500 mL;1.7;
FRUVI Bebida Mango Botella 300 mL;2.2;
SOCOSANI Agua Frutos Rojos Botella 500 mL;1.8;
ELECTROLIGHT Bebida Rehidratante Cero Piña Botella 475 mL;2.2;
PEPSI Gaseosa Zero Lata 355 mL;5;
SAN MATEO Agua Sin Gas Botella 600 mL;1.8;
SAN LUIS Agua Limón Sixpack Botella 625 mL;11;
SAN LUIS Agua Sin Gas Botella 1 L;1.9;
SAPPE Bebida Aloe Vera Manzana Botella 300 mL;5.9;
NATURALE Bebida Chicha Morada Botella 1 L;7.9;
FRUGOS DEL VALLE Bebida Frugos Fresh Fruit Punch Botella 3 L;6.9;
SAN LUIS Agua Con Gas Botella 625 mL;1.9;
SOCOSANI Agua Mineral Con Gas Botella 355 mL;3.6;
SOCOSANI Agua Mineral Con Gas Botella 1.5 L;5.9;
SCHWEPPES Ginger Ale Citrus Botella 500 mL;2.8;
PULP Bebida Surtido Botella 300 mL;2.2;
VOLT Bebida Energizante Botella 500 mL;3.2;
RED BULL Energizante Winter Edition Lata 250 mL;7.9;
BRITVIC Agua Tónica Pack 4 Botellas 200 mL;23.9;
ECOANDINO Pasta de Cacao Orgánica Caja 250 g;32.1;
SAN MATEO Agua Sin Gas Botella 2.5 L;3.2;
Bebida Rehidratante Flashlyte Uva Botella 625 mL;6;
Bebida Rehidratante Flashlyte Fresa Botella 625 mL;6;
INCA KOLA Gaseosa Sin Azúcar Sixpack Botella 500 mL;15.5;
TOTTUS Bebida Energizante Fury Energy Gold Botella 350 mL;2.5;
SOL DEL CUSCO Chocolate para Taza Empaque 90 g;6.9;
VOLT Bebida Energizante Yellow Lata 473 mL;5;
POWERADE Bebida Rehidratante Multifrutas Botella 600 mL;2.4;
ARUBA Bebida Citrus Punch Botella 600 mL;2.7;
POWERADE Bebida Rehidratante Mora Botella 1 L;4;
SUEROX Bebida Rehidratante Manzana Botella 630 mL;6.5;
MR PERKINS Agua Tonica Blossom Pack 4 Botellas 200 mL;23.9;
FEVER TREE Agua Tónica Ginger Beer Pack 4 Botellas 200 mL;29.9;
SAPPE Bebida Aloe Vera Uva Botella 1 L;16;
SAN LUIS Bebida Gasificada Arándano Botella 625 mL;2.2;
VOLT Bebida Energizante Maca Lata 473 mL;4.99;
FRUGOS DEL VALLE Bebida Frugos Naranja Caja 970 mL;3.9;
LONDA Bebida Sabor Manzana Botella 1.89 L;16;
VOLT Bebida Energizante Sin Azúcar Lata 473 mL;4.99;
VOLT Bebida Energizante Pink Lata 473 mL;4.99;
NATURALE Bebida Manzana Botella 1 L;7.9;
ARUBA Bebida Granadilla Punch Botella 600 mL;2.7;
FRUVI Bebida Mango Botella 300 mL;2.2;
SAN LUIS Agua Sin Gas Botella 1 L;1.9;
SAN LUIS Agua Limón Sixpack Botella 625 mL;11;
LUREN Bebida LOnda Sabor Cranberry Botella 1.89 L;17;
LUREN Bebida Light LOnda Sabor Cranberry Botella 1.89 L;17;
NATURALE Bebida Chicha Morada Botella 1 L;7.9;
SAPPE Bebida Aloe Vera Manzana Botella 300 mL;5.9;
VOLT Bebida Energizante Yellow Lata 473 mL;5;
CLIGHT Bebida En Polvo Naranja Caja 15 Bolsas 14 g;36;
COOL Gaseosa Fresh Amarilla Botella 350 mL;1.4;
KERO Bebida Naranja Piña Camu Camu Botella 475 mL;4.4;
POWERADE Bebida Rehidratante Maracuyá Botella 600 mL;2.4;
LONDA Bebida Blueberry Botella 1.89 L;10.9;
SPORADE Bebida Rehidratante Apple Ice Sin Azúcar Botella 500 mL;2.4;
SAN LUIS Agua Con Gas Manzana Sixpack Botella 625 mL;11;
FANTA Gaseosa Manzana Beetlejuice Botella 500 mL;2.7;
FRUGOS DEL VALLE Bebida Mango Caja 970 mL;3.9;
PEPSI Gaseosa Zero Lata 355 mL;5;
COCA COLA Gaseosa Botella 1 L;4;
POWERADE Bebida Rehidratante Multifrutas Botella 1 L;4;
SCHWEPPES Ginger Ale Citrus Botella 1.5 L;6.6;
INCA KOLA Gaseosa Botella 500 mL;3;
VOLT Bebida Energizante Blueberry Maca Botella 300 mL;2.5;
NATURALE Bebida Chicha Morada Botella 500 mL;4.5;
TOTTUS Agua Botella 625 mL;1;
INCA KOLA Gaseosa Sin Azúcar Botella 500 mL;3;
ZUKO Bebida Instantánea en Polvo Piña Sobre 15 g;1.2;
SPRITE Gaseosa Lima Limón Lata 355 mL;6.9;
GLORIA Bebida Durazno Caja 1.5 L;5.5;
CIELO Agua Con Gas Sabor Pera Botella 350 mL;1.4;
COCA COLA Gaseosa Sin Azúcar Lata 350 mL;6.9;
