Producto;Precio más bajo (S/)
ALACENA Mayonesa Doypack 850 g;18
SAN JOSE Turrón San José Empaque 500 g;17.9
ALACENA Crema de Ají Tari Doypack 400 g;12.5
TOTTUS Premezcla Fudge Brownie Caja 310 g;7.5
TOTTUS Puré de Papas Instantáneo Empaque 250 g;7.7
TOTTUS Pack Menestra Lenteja 500 g + Arveja 500 g + Frijol Canario 500 g;15.5
FLORIDA Filete de Atún en Aceite Vegetal Lata 140 g;5.5
MOLITALIA Fideo Tornillo Bolsa 235 g;2.3
TOTTUS Maíz Pop Corn Menestra Bolsa 1 Kg;6.1
BARILLA Salsa Pesto Genovese Envase 190 g;21.9
AJINOMOTO Sopa Instantánea Ajinomen Sabor Gallina Picante Empaque 80 g;2
Sopa Shin Ramyun Nongshim Spicy Chicken Empaque 120 g;8.7
PRIMOR Aceite Vegetal Premium Botella 900 mL;9.5
UMSHA Gelatina Sabor Fresa Bolsa 120 g;3.7
BADIA Ajo en Polvo Envase 297 g;28.9
BLANCA FLOR Harina de Trigo Preparada Bolsa 1 Kg;8.2
MOLITALIA Fideo Canuto Bolsa 235 g;2.3
UNIVERSAL Gelatina Fresa Empaque 130 g;4.3
TOTTUS Azúcar Rubia Bolsa 5 Kg;14.9
DON VITTORIO Spaguetti Paquete 950 g;5.3
NESTLE Leche Condensada Nestlé Lata 393 g;7
UNIVERSAL Colapiz Sin Sabor Bolsa 20 g;3.1
TOTTUS Keke de Plátano Rectangular;9.9
AJINOMOTO Sazonador Bolsa 250 g;6.1
TOTTUS Turrón Doña Pepa Empaque 1 Kg;17.9
HARMLESS Salsa BBQ Envase 390 g;15.9
HARMLESS Salsa Mostaza Envase 390 g;15.9
DON VITTORIO Salsa Roja Completa Doypack 400 g;5.5
SANTOLIVO Aceite Oliva Extra Media Botella 1 L;83.2
SANTOLIVO Aceite Oliva Extra Media Botella 500 mL;49.9
SANTOLIVO Aceite Oliva Extra Media Botella 250 mL;30
DUW Conserva Jamón Endiablado Envase 115 g;10.4
DUW Conserva Jamón Endiablado Envase 54 g;7.2
OLI21 Sal de Maras Molida Envase 145 g;8.2
TOTTUS Fideos Cabello de Ángel Bolsa 250 g;1.7
OLI21 Sal de Maras Ajíes Envase 135 g;11.8
OLI21 Sal de Maras con Ajo Envase 135 g;11.8
TOTTUS Conserva de Piña en Rodajas 565 g;7.1
GATTI Harina de Chía Doypack 250 g;10
CASA VERDE Salsa Sabor Queso Envase 170 g;7.5
BELLA HOLANDESA Leche Condensada Lata 397 g;6.5
CASA VERDE Salsa Mexicana Envase 180 g;7.5
Quinua Instantánea Productos Andinos Bolsa 400 g;18.3
TOTTUS SOPA DE FIDEOS POLLO TOTTUSX 70 GR;2.4
REAL Sólido de Atún en Aceite Girasol Lata 140 g;6.9
CASA VERDE Lentejas Aderezadas Envase 360 g;6.7
CASA VERDE Quinua Bicolor Envase 240 g;6.7
CASA VERDE Garbanzos Envase 340 g;6.7
Aceite Vegetal del Cielo Botella 2 L;14.6
DON VITTORIO Salsa Roja Completa Doypack 400 g;5.5
TOTTUS Keke de Plátano Rectangular;9.9
TOTTUS Maíz Pop Corn Menestra Bolsa 1 Kg;6.1
UNIVERSAL Gelatina Sin Azúcar Fresa Caja 19 g;4
AJINOMOTO Sopa Instantánea Ajinomen Sabor Gallina Empaque 80 g;2
NIVEA Bálsamo Labial Cherry Envase 4.7 g;18.5
MOLITALIA Fideos Spaghetti Empaque 450 g;3.2
DURYEA Maizena Almidón de Maíz Caja 500 g;10.5
ALACENA Ketchup Doypack 380 g;9.5
DON VITTORIO Fetuccini Paquete 950 g;5.3
TOTTUS Keke de Naranja Rectangular;9.9
AJINOMOTO Sazonador Bolsa 250 g;6.1
AJINOSILLAO Sillao Ajino Sillao Botella 500 mL;4.3
AJINOMOTO Sopa Instantánea Ajinomen Sabor Gallina Picante Empaque 80 g;2
NESTLE Leche Condensada Nestlé Lata 393 g;7
TOTTUS Lenteja Bebé Menestra Bolsa 1 Kg;8.9
PAN Harina de Maíz Blanco Precocido Bolsa 1 Kg;7.5
MOLITALIA Sémola de Trigo Bolsa 200 g;1.8
TOTTUS Fideos Caracol Bolsa 250 g;1.7
MOLITALIA Fideo Cabello de Ángel Bolsa 250 g;2.3
TOTTUS Trigo Mote Menestra Bolsa 500 g;4.3
COSTENO Maíz Pop Corn Menestra Costeño Bolsa 500 g;2.9
TOTTUS Keke Marmoleado Rectangular;9.9
TOTTUS Keke de Vainilla 430 g;9.9
GLORIA Leche Condensada Lata 393 g;6.9
TOTTUS Fideos Canuto Rayado Bolsa 250 g;1.7
TOTTUS Arveja Partida Menestra Bolsa 500 g;3.3
TOTTUS Fideos Tornillo Bolsa 250 g;1.7
MOLITALIA Salsa Tomate Pomarola Clasica Bolsa 145 g;1.9
ALACENA Mayonesa Doypack 235 g;8.6
AJINOMOTO Caldo Concentrado Doña Gusta Sabor Gallina Caja 6 Und;2.2
MOLITALIA Salsa Tomate Pomarola Clasica Pack 6 Und;11.1
TOTTUS Keke de Naranja Redondo;14.37
COSTENO Arveja Partida Menestra Costeño Bolsa 500 g;2.9
REAL Filete de Atún en Aceite Girasol Lata 140 g;4.9
MOLITALIA Fideo Macarrón Bolsa 235 g;2.3
DELEITE Aceite Vegetal Premium Botella 5 L;36.9
PEDIASURE Pediasure® Líquido Chocolate 220ml;10.5
MOLITALIA Harina Preparada Bolsa 1 Kg;8.2
TOTTUS Pimienta Negra Molida Empaque 60 g;8.4
ACONCAGUA Duraznos en Almíbar 822 g;12.9
UMSHA Gelatina Sabor Fresa Bolsa 120 g;3.7
TOTTUS Ajo en Polvo Envase 50 g;7
COSTENO Sazonador Pop Corn Costeño Mantequilla Envase 81 g;7.9
MOLITALIA Fideo Tornillo Bolsa 235 g;2.3
BONLE Leche Condensada Bonlé Lata 397 g;5.5
PRIMOR Filete de Atún en Agua Lata 140g;5.2
UNIVERSAL Esencia de Vainilla Botella 100 mL;2.3
TOTTUS Pasta de Ají Panca Envase 205 g;5.4
TOTTUS Lenteja Menestra Bolsa 1 Kg;8.7
TOTTUS Crema de Avellanas Bicolor Envase 400 g;11.9
TOTTUS Aceituna Botija Sin Pepa Bolsa 240 g;11.3
TOTTUS Harina Integral Bolsa 1 Kg;8.2
Dos Caballos Duraznos Lata 820 g;12.9
TOTTUS Arroz Superior Bolsa 5 Kg;19.3
BLANCA FLOR Premezcla de Panqueque Bolsa 720 g;9.29
BIMBO Mini Pingüino Marinela Bolsa 10 Und;10.9
TOTTUS Frijol Castilla Menestra Bolsa 500 g;5.1
TOTTUS Fideos Corbata Bolsa 250 g;1.7
UNIVERSAL Gelatina Sin Azúcar Piña Caja 19 g;4
LA MONTANARA Fideo Fusilli de Verduras Montanara Bolsa 500 g;7.8
TOTTUS Pasta Spaguetti Bolsa 950 g;5.4
MARINA Sal de Mar Emsal de Mesa Bolsa 1 Kg;2.6
TOTTUS Puré de Papas Instantáneo Empaque 250 g;7.7
TOTTUS Ají de la Casa Doypack 200 g;6.9
AJINOMOTO Sazonador Bolsa 500 g;11.1
NICOLINI Tallarín Grueso Bolsa 1 Kg;4.3
UMSHA Gelatina Sabor Naranja Bolsa 120 g;3.7
TOTTUS Sal de Mesa Bolsa 1 Kg;2.2
MOLITALIA Pasta Tricolor Bolsa 235 g;2.9
Gotas de Chocolate Negusa Bolsa 200 g;8
TOTTUS Keke de Chocolate Rectangular;9.9
TOTTUS Mayonesa Doypack 850 g;13.9
DON VITTORIO Tornillo Paquete 500 g;3.3
TOTTUS Fideos Cabello de Ángel Bolsa 250 g;1.7
UMSHA Gelatina Sabor Piña Bolsa 120 g;3.7
COSTA Barras de Cereal Cereal Bar Chocolate Caja 8 Und;6.6
MOLITALIA Salsa de Tomate Pomarola Clásica Doypack 290 g;3.5
NICOLINI Fideos Trigo Tallarín Grueso 950 g;5.7
TOTTUS Harina Sin Preparar Bolsa 1 Kg;6.9
MOLITALIA Puré Tomate Concentrado Pomarola Doypack 110 g;1.8
TOTTUS Maíz Pop Corn Menestra Bolsa 500 g;3.2
MOLITALIA Fideo Canuto Bolsa 235 g;2.3
AJINOMOTO Sopa Instantánea Ajinomen Sabor Carne Empaque 80 g;2
MOLITALIA Salsa de Tomate Pomarola Bolognesa con Carne Empaque 170 g;3.7
DON VITTORIO Codo Rayado Paquete 500 g;3.3
TOTTUS Sémola Bolsa 200 g;1.1
BADIA Ajo en Polvo Empaque 85.5 g;11.7
TOTTUS Keke Marmoleado Redondo;14.37
SANTORINI Anchoveta en Salsa de Tomate Envase 200 g;3.2
AJINOMOTO Sopa Instantánea Ajinomen Sabor Pollo Verduras Empaque 80 g;2
SIBARITA Ají Panquita Bajo Picante Doypack 250 g;8.4
UNION Rollo de Canela Unión Bolsa 540 g;13.2
VALLENORTE Arroz Añejo Superior Valle Norte Bolsa 5 Kg;22.9
BADIA Ajo en Polvo Envase 297 g;28.9
GRANO DE ORO Fideo Spaghetti Bolsa 500 g;2.8
CAMPOMAR Filete de Atún en Agua y Sal Lata 150 g;6.3
AL TRONO Infusión Digestiva Caja 20 Sobres;9.9
MARINELA Gansito Minix Doypack x 240 g;10.9
UNIVERSAL Gelatina Durazno Empaque 130 g;4.3
DON VITTORIO Salsa Roja Completa Doypack 200 g;3.2
TOTTUS Macaroni & Cheese Caja 226 g;4.9
FLORIDA Grated de Atún en Aceite Vegetal Lata 140 g;4.6
TOTTUS Papa Seca Menestra Bolsa 400 g;5.6
Fideo a Vapor Choung Lee Seco Bolsa 250 g;5.9
GRANO DE ORO Fideo Tornillo Multicereal Bolsa 225 g;1.5
MY FOODS Maní Vizzio Cereal Almendra Grageas Caja 122 g;9.9
MOLITALIA Harina Sin Preparar Bolsa 1 Kg;7.5
TOTTUS Arroz Extra Integral Bolsa 750 g;3.75
MOLITALIA Fideo Macarron Bolsa 500 g;4
BIMBO Keke Familiar Marmoleado Bolsa 380 g;9.9
MY FOODS Cereal Vizzio Extruido Crunch Caja 45 g;3.5
VERMICELLI Fideos De Arroz Long Kou Bolsa 100 g;1.99
LA MONTANARA Fideo Pastinas de Verduras Montanara Bolsa 250 g;4
TOTTUS Sillao Botella 500 mL;3.9
UNIVERSAL Polvo de Hornear Bolsa 25 g;1.9
REAL Filete de Atún en Aceite Girasol Pack 3 Latas 80 g;12.4
MOLITALIA Fideo Codo Mediano Rayado Bolsa 235 g;2.3
TOTTUS Mayonesa Light Doypack 400 g;9.9
TOTTUS Vinagre de Vino Blanco Botella 500 mL;3.3
TOTTUS Sal de Cocina Bolsa 1 Kg;2.2
TOTTUS Mostaza Empaque 100 g;1.9
DON VITTORIO Cabello de Angel Paquete 250 g;2
DON VITTORIO Rigatoni Paquete 500 g;3.3
ROYAL Polvo para Hornear Sobre 20 g;2
Cobertura de Leche Sabor Chocolate Negusa Sixpack Caja 100 g;14.99
POMAROLA Salsa Casera Hongos Laurel Empaque 170 g;3.7
UNIVERSAL Gelatina Diet Fresa con Stevia Caja 19 g;5
NESTLE Manjar Blanco Nestlé Bolsa 1 Kg;23.9
TOTTUS Hierba Luisa Caja 25 Sobres;2.9
TOTTUS Frijol Negro Menestra Bolsa 500 g;5.7
WAWASANA Infusión de Menta y Muña Caja 12 Sobres;4.9
TOTTUS Mezcla Para Apanar Crocante Empaque 90 g;2.1
FLORIDA Grated de Atún Lata 165 g;4.7
AJINOMOTO Sopa Instantánea Ajinomen Sabor Carne Oriental Empaque 80 g;2
TOTTUS Pasta Codo Rayado Bolsa 250 g;1.7
CAMPOMAR Filete de Atún en Aceite Pack 6 Latas 150 g;37.9
AJINOMOTO Caldo Concentrado Doña Gusta Sabor Carne Caja 6 Und;2.2
UNIVERSAL Mazamorra Morada Empaque 150 g;3.4
TOTTUS Pasta Linguini Bolsa 950 g;5.4
DON VITTORIO Corbata Grande Paquete 250 g;2
MARCO POLO Fideo Macarron Bolsa 235 g;1.5
NICOLINI Fideo Cabello de Angel Bolsa 250 g;1.7
UMSHA Pudín Chocolate Empaque 100 g;2.9
AJINOMOTO Sopa Instantánea Ajinomen Sabor Pollo Empaque 80 g;2
AJINOMIX Mezcla para Apanar Receta Crocante Empaque 96 g;3
AJINOMEN Sopa Instantanea Sabor Carne Picante Envase 51 g;3.4
MARINELA Pinguinos Minix Cookies And Cream x 200 g;10.9
AJINOMIX Sazonador Chifa Bolsa 4 Und;2.2
AJINOMOTO Sazonador Envase 100 g;10.2
UMSHA Gelatina Sabor Uva Bolsa 120 g;3.7
AJINOMIX Ablanda Sazón Ajimomix Carne Bolsa 4 Und;3.2
AJINOMIX Sazonador de Arroz Empaque 6 Und;1.9
TOTTUS Keke Marmoleado Bolsa 380 g;8.9
DON VITTORIO Codo Chico Paquete 250 g;2
AJINOSILLAO Sillao Ajino Sillao Botella 150 mL;2.5
PRECIO UNO Alimento Seco Gatos Bolsa 1 Kg;6.9
TOTTUS Ají Panca Molido Empaque 20 g;2.1
TOTTUS Romero Empaque 10 g;2.5
UMSHA Gelatina Sabor Limón Bolsa 120 g;3.7
TOTTUS Maíz Chulpi Menestra Bolsa 400 g;7.5
AJINOMOTO Sopa Instantánea Ajinomen Sabor Gallina Criolla Empaque 80 g;2
DON VITTORIO Canuto Rayado Paquete 250 g;2
MOLITALIA Pasta Letras Pastina Bolsa 235 g;2.3
GRANO DE ORO Fideo Canuto Multicereal Bolsa 225 g;1.5
NICOLINI Pasta Codo Chico Bolsa 250 g;1.7
REAL Trozos de Atún en Aceite Girasol Lata 140 g;4.9
DURYEA Maizena Almidón de Maíz Caja 100 g;3
HELLMANN'S Mayonesa Original Hellmanns Doypack 475 g;11.9
TOTTUS Avena Bolsa 900 g;8.5
PULP Conserva de Durazno Lata 820 g;9.5
MOLITALIA Fideo Rigatoni Bolsa 235 g;2.3
COSTA Barras de Cereal Cereal Bar Chips Caja 8 Und;6.6
NATURANDES Harina 7 Semillas Bolsa 200 g;16.5
TOTTUS Vinagre de Manzana Botella 1 L;14.8
Fideo Spaguetti Integral Age Empaque 500 g;14.5
BADIA Sazón Completa Envase 99.2 g;10.6
BADIA Sazonador Completo Envase 340 g;26.9
LA PURITA Granola de Cacao Empaque 400 g;22
SIBARITA Orégano Pack 6 Und;2.2
DON VITTORIO Caracol Chico Paquete 250 g;2
AJINOMIX Mezcla Lista para Apanar Picante Empaque 80 g;3
Orégano Entero Kariño Bolsa 18 g;3.3
TOTTUS Fideos Premium Penne Rigaté Bolsa 500 g;5.4
TOTTUS Hongos Secos Empaque 10 g;2
ROYAL Mazamorra Maíz Morado Bolsa 140 g;3.9
Salsa Barbecue B&D Doypack 200 g;4.7
CAMPOMAR Pack Sólido De Caballa 6 Unidades 170 g - Pack 6 unds;29.9
ROYAL Flan en Polvo Sabor a Vainilla Bolsa 80 g;3.1
HEINZ Ketchup Envase 397 g;14
TOTTUS Tomillo Empaque 10 g;2
TOTTUS Tomillo Empaque 10 g;2
GENERICO Harina de Kiwicha Renacer Bolsa 200 g;10.9
SIBARITA Ajo Molido Bolsa 3 Und;4.8
CAMPOMAR Atún En Trozos En Aceite Lara 150 g;5.5
MARINA Salero Emsal Sal Fina de Mesa Envase 125 g;5.4
LIBBYS Mayonesa Doypack 380 g;12.5
MOLITALIA Pasta para Ensalada Bolsa 235 g;3.1
AMBROSOLI Gomitas Ambrosia Bolsa 480 g;11.9
TOTTUS Ketchup Doypack 220 g;3.7
Pack B&D Ketchup 425 g + Mostaza 425 g;11.2
DUW Conserva Jamón Endiablado Envase 115 g;10.4
POSTRES EN CASA Premezcla Galletas Chocochip Caja 320 g;11.9
Infusión Mc Colins Surtido Hierbas Caja 100 Sobres;16.5
Salsa de Soya Clara Barcidda Botella 500 mL;12.9
VALLE FERTIL Salsa de Mostaza Dulce Envase 370 g;9.8
AMERICA ORGANICA Fideos América Orgánica Fusilli de Arroz y Quinua Caja 227 g;15.8
COLAVITA Aceite De Oliva Extra Virgen Botella 500 mL;44.9
MOLITALIA Fideo Linguine Bolsa 450 g;3.2
DON VITTORIO Tornillo Bolsa Paquete 250 g;2
DON VITTORIO Codito Rayado Paquete 250 g;2
HUNT Salsa BBQ Original Hunts Envase 620 g;15.9
AMARU SUPERFOODS Mantequilla de Maní Envase 410 g;21.9
BIMBO Muffins Little Bites Vainilla con Chispas Caja 130 g;9.9
AJINOMOTO Sopa Instantánea Ajinomen Gallina Light Bolsa 80 g;2
ACAVILLE Aliño Mediterráneo Envase 200 mL;14.9
Mayonesa Dgussto Doypack 95 g;2.8
FLORIDA Vinagre de Vino Tinto Botella 625 mL;3.4
BE AMAZING TOYS Infusión Bigelow Sweet Dreams Caja 8 Und;13.8
NISSIN Pasta Precocida Ramen Sabor Pollo Empaque 85 g;2.7
MUTTI Salsa Pizza Sauce Aromatizada Lata 210 g;11.9
BADIA Pimentón en Polvo Envase 56.7 g;11.1
CAMPOMAR Lomo de Atún en Agua Lata 150 g;6.3
DOÑA GUSTA Caldo Sabor Tocino Caja 6 Und;2.2
TOTTUS Vinagre Tinto Botella 250 mL;2.1
TOTTUS Pallar con Tocino Lata 425 g;7.8
CALE Tapenade de Alcachofas a la Italiana Envase 185 g;7.9
NUTRISA Harina de Coco Mi Tierra Bolsa 400 g;15.5
HUNGRY JACK Mezcla de Waffle Belga Caja 794 g;23.9
Orégano Molido Cuatro Estaciones Bolsa 10 g;3.3
TOTTUS Vinagreta Clásica Envase 237 g;4.9
TOTTUS Pimienta Negra Molida Empaque 20 g;2.5
TOTTUS Premezcla Fudge Brownie Caja 310 g;7.5
BARILLA Salsa Pesto Genovese Envase 190 g;21.9
Sopa Shin Ramyun Nongshim Spicy Chicken Empaque 120 g;8.7
UNIVERSAL Colapiz Sin Sabor Bolsa 20 g;3.1
HARMLESS Salsa BBQ Envase 390 g;15.9
HARMLESS Salsa Mostaza Envase 390 g;15.9
SANTOLIVO Aceite Oliva Extra Media Botella 1 L;83.2
BLANCA FLOR Premezcla Torta de Chocolate Bolsa 750 g;12.5
DUW Conserva Jamón Endiablado Envase 54 g;7.2
CAMPOMAR Sólido de Caballa Sixpack Lata 150 g;30.5
KIKKO Salsa de Tamarindo Wantan Envase 350 mL;9.8
BADIA Pimienta Negra Empaque 14.2 g;4.6
HARMLESS Salsa Mostaza Envase 390 g;15.9
Crema de Ají B&D Doypack 190 g;7.3
Salsa de Soya Champi Barcidda Botella 500 mL;13.9
UNIVERSAL Azúcar Impalpable Bolsa 200 g;3
Ketchup B&D Doypack 200 g;3.9
SANTORINI Filete de Caballa en Aceite Vegetal Lata 170 g;4.5
Salsa de Soya Oscura Barcidda Botella 500 mL;13.9
PROVENZAL Mezcla para Ceviche Bolsa 30 g;9.4
FARAON Arroz Extra Faraón Bolsa 750 g;4.49
UNIVERSAL Pudín Dietético Vainilla Caja 19 g;4.2
SANTA CATALINA Avena Precocida Pack 2 Bolsas 900 g;17.5
Salsa de Ostión Barcidda Botella 280 g;10.5
GLORIA Base Repostera 3 Leches Lata 415 g;6.9
GOYA Fideos Ghajang Myun Nong Shim con Salsa de Soya Bolsa 140 g;9.5
PIKI Aderezo para Pollo Bolsa 200 g;9.7
HUERTO ALAMEIN Vinagre Balsámico Botella 500 mL;21.9
EL OLIVAR Aceite de Oliva Extra Virgen Botella 500 mL;38.9
CASA VERDE Salsa Sabor Queso Envase 170 g;7.5
BELLA HOLANDESA Leche Condensada Lata 397 g;6.5
CASA VERDE Salsa Mexicana Envase 180 g;7.5
PACASMAYO Arroz Añejo Bolsa 5 Kg;25.9
HUNT Salsa Picante Hunts Wings Envase 550 g;18.67
PACASMAYO Arroz Etra Bolsa 750 g;3.9
PACASMAYO Arroz Añejo Bolsa 750 g;4.1
HELLMANN'S Mayonesa Ligera Hellmanns Doypack 475 g;11.9
HELLMANN'S Hellmanns Ketchup Original Doypack 500 g;11.9
TABASCO Salsa Chipotle Botella 150 mL;30.9
TOTTUS Ketchup Americano Envase 680 g;9.9
VALLE FERTIL Salsa BBQ Ahumada Envase 370 g;10.3
TROLLI Gomitas Lunch Bag Empaque 77 g;10.5
MARUCHAN Ramen Camarón Empaque 85 g;3.7
OLI21 Sal de Maras Semigruesa Envase 140 g;8.2
SANTOLIVO Aceite Oliva Extra Media Botella 500 mL;49.9
SANTOLIVO Aceite Oliva Extra Media Botella 1 L;83.2
OLI21 Sal de Maras Orégano Envase 115 g;11.8
GATTI Harina de Ajonjolí Doypack 250 g;10
HELLMANN'S Mayonesa Hellmanns Squeeze Regular Envase 340 g;19.3
GRAN CHALAN Arroz Integral Bolsa 750 g;4.9
VALLE FERTIL Salsa BBQ Picante Envase 370 g;10.3
BONLE Manjarblanco Bolsa 1 Kg;19.4
NONGSHIM Sopa Seafood Mito de Mar Nong Shim Bolsa 125 g;6.7
BADIA Kión Molido Envase 42.5 g;9.4
HARMLESS Salsa BBQ Envase 390 g;15.9
BADIA Kión Molido Envase 42.5 g;9.4
PIKI Aderezo para Pollo Bolsa 200 g;9.7
HUERTO ALAMEIN Vinagre Balsámico Botella 500 mL;21.9
GLORIA Base Repostera 3 Leches Lata 415 g;6.9
NONGSHIM Sopa Seafood Mito de Mar Nong Shim Bolsa 125 g;6.7
MARUCHAN Ramen Camarón Empaque 85 g;3.7
BLANCA FLOR Premezcla Torta de Chocolate Bolsa 750 g;12.5
BLANCA FLOR Panetón Clásico Bolsa 900 g;24.8
CAMPOMAR Filete de Atún Artesanal Lata 160 g;7.5
CAMPOMAR Lomo de Atún en Aceite Pack 2 Latas 150 g;12.4
CAMPOMAR Trozos de Atún en Aceite Sixpack Lata 150 g;36.5
CAMPOMAR Sólido De Caballa En Aceite Vegetal Lata 150 g;5.7
CAMPOMAR Filete De Atun Claro En Aceite Vegetal Lata 150 g;6.9
CAMPOMAR Lomo De Atun En Aceite Vegetal Envase 150 g;6.3
CAMPOMAR Filete De Bonito En Aceite Vegetal Lata 150 g;5.2
CAMPOMAR Sólido de Caballa Sixpack Lata 150 g;30.5
EL OLIVAR Aceite de Oliva Extra Virgen Botella 500 mL;38.9
HERDEZ Salsa Casera Envase 453 g;16.9
UNIVERSAL Maicena Bolsa 180 g;3.7
GOYA Fideo Lasagna Molitalia Caja 350 g;10.2
TOTTUS Sopa de Costilla con Fideos Empaque 60 g;2.4
TOTTUS Sopa de Caracolitos Empaque 76 g;2.4
Clavo Entero Kariño Bolsa 8 g;4.2
CASA VERDE Frejoles Aderezados Envase 360 g;7.3
TOTTUS Sopa con Sémola Empaque 62 g;2.4
CARMENCITA Pimienta Negra Molida Envase 32 g;9.74
FARAON Arroz Superior Faraón Bolsa 750 g;3.99
TOTTUS Mostaza de miel natural;9.9
TESORO DEL CAMPO Lentejón Menestra Bolsa 500 g;6.4
TOTTUS Pasta de Ají Amarillo Envase 205 g;5.6
TOTTUS Comino Molido Empaque 20 g;2.5
SANTORINI Anchoveta en Aceite de Oliva 125g;4.3
NICOLINI Crema Huancaína Doypack 190 g;7.6
TOTTUS Aceituna Verde Rellena con Pimiento Bolsa 240 g;9.8
KRAFT Macaroni y Cheese Original Caja 206 g;7.1
BADIA Sal de Ajo Envase 127.6 g;9.4
TESORO DEL CAMPO Lenteja Bebé Menestra Bolsa 500 g;6.4
TOTTUS Mostaza Amarilla Envase 390 g;9.9
UNIVERSAL Gelatina Extra Fibra Sabor Fresa Empaque 38 g;5
TOTTUS Salsa de Ají Amarillo Envase 370 g;6.2
GRAN CHALAN Arroz Extra Natural Bolsa 750 g;4.5
ALACENA Mostaza Doypack 220 g;5.5
ROYAL Gelatina Sabor Fresa Bolsa 160 g;5
Caramelos Con Leche Arcor Butter Toffees Surtido Caja 120 g;14.49
TOTTUS Frijol Panamito Menestra Bolsa 500 g;5.3
ROYAL Mezcla Polvo Pudín Vainilla Bolsa 110 g;4
COSTENO Frijol Canario Menestra Costeño Bolsa 500 g;10.4
DELEITE Aceite Vegetal Premium Botella 900 mL;7.3
PACASMAYO Arroz Añejo Bolsa 5 Kg;25.9
HUNT Salsa Picante Hunts Wings Envase 550 g;18.67
NONGSHIM Sopa Seafood Mito de Mar Nong Shim Bolsa 125 g;6.7
Hongo y Laurel Cuatro Estaciones Bolsa 10 g;4.2
TOTTUS Premezcla Galletas de Avena Caja 310 g;7
TOTTUS SOPA DE FIDEOS POLLO TOTTUSX 70 GR;2.4
MAGGI Cubito Sabor Carne Caja 100 g;5.5
REAL Sólido de Atún en Aceite Girasol Lata 140 g;6.9
SANTOLIVO Aceite Oliva Extra Media Botella 500 mL;49.9
OLI21 Sal de Maras Orégano Envase 115 g;11.8
GATTI Harina de Chía Doypack 250 g;10
Quinua Instantánea Productos Andinos Bolsa 400 g;18.3
TOTTUS Ají Panca Molido Envase 50 g;6
TOTTUS Premezcla Galleta de Avena con Chispas Sabor Chocolate Caja 300 g;9.2
TOTTUS Sólido De Atún En Aceite x 140 g;5.8
TOTTUS Sopa con Sémola Empaque 62 g;2.4
CAMPOMAR Lomo de Atún en Aceite Pack 2 Latas 150 g;12.4
CAMPOMAR Trozos de Atún en Aceite Sixpack Lata 150 g;36.5
CAMPOMAR Sólido De Caballa En Aceite Vegetal Lata 150 g;5.7
CAMPOMAR Filete De Atun Claro En Aceite Vegetal Lata 150 g;6.9
CAMPOMAR Lomo De Atun En Aceite Vegetal Envase 150 g;6.3
CAMPOMAR Filete De Bonito En Aceite Vegetal Lata 150 g;5.2
CAMPOMAR Filete de Atún en Aceite Lata 150 g;4.7
CAMPOMAR Filete de Atún Artesanal Lata 160 g;7.5
GLORIA Base Repostera 3 Leches Lata 415 g;6.9
TROLLI Gomitas Lunch Bag Empaque 77 g;10.5
TOTTUS Lentejón Menestra Bolsa 500 g;4.9
TABASCO Salsa Chipotle Botella 150 mL;30.9
TOTTUS Dulce de Leche Heladero Envase 550 g;15.7
EL OLIVAR Aceite de Oliva Extra Virgen Botella 500 mL;38.9
PACASMAYO Arroz Etra Bolsa 750 g;3.9
PACASMAYO Arroz Añejo Bolsa 750 g;4.1
HELLMANN'S Mayonesa Ligera Hellmanns Doypack 475 g;11.9
NATURES HEART Infusión Herb Caja 20 Sobres;9.8
HERDEZ Salsa Casera Envase 453 g;16.9
TOTTUS Conserva de Piña en Rodajas 565 g;7.1
Sardinas en Aceite al Limón Vigilante 120 g;16
GRAN CHALAN Arroz Gran Chalán Extra Añejo Bolsa 5 Kg;26.4
BOB'S RED MILL Harina de Arroz Orgánica Bobs Red Mill Bolsa 680 g;21.6
GOYA Salsa BBQ Miel Hunts Envase 620 g;16.74
Clavo Entero Kariño Bolsa 8 g;4.2
TOTTUS Sopa de Costilla con Fideos Empaque 60 g;2.4
TOTTUS Sopa de Caracolitos Empaque 76 g;2.4
BLANCA FLOR Panetón Clásico Bolsa 900 g;24.8
Crema de Avellanas Fundelina Sabor Fresa Envase 350 g;24.9
UNIVERSAL Helado con Stevia Sabor Lúcuma Caja 50 g;5.1
UNIVERSAL Azúcar Impalpable Bolsa 200 g;3
KIKKO Salsa de Tamarindo Wantan Envase 350 mL;9.8
CARBONELL Vinagre de Vino Tinto Botella 250 mL;10.9
Canela Entera Kariño Bolsa 9 g;4.2
Galleta Jacobsens of Denmark Chocolate Granola y Arándano Lata 150 g;13.5
COSTENO Frijol Negro Menestra Costeño Bolsa 500 g;7
TOTTUS Laurel Entero Empaque 7 g;2.5
SIBARITA Sazonador Bolsa 6 Und;2.6
GOYA Sazonador Pimienta Limón Badia Envase 184 g;19.6
ROYAL Gelatina Sabor Piña Bolsa 160 g;5
GENERICO Harina de Camote El Artesano Bolsa 250 g;18.9
AJINOMIX Mezcla para Apanar Receta Apanado Empaque 96 g;3
BADIA Sazonador para Carne Envase 184 g;21
King Kong San Roque Manjar Piña y Maní Caja 450 g;28.5
CARBONELL Vinagre Balsámico Botella 250 mL;10.9
VALLE FERTIL Palmitos en Rodajas Gourmet Envase 450 g;15.85
TOTTUS Sal de Maras Gruesa Molinillo Orígenes Envase 100 g;14.4
King Kong San Roque Manjar Caja 75 g;6
ECOANDINO Mermelada Orgánica Camu Camu Yacón y Agave Envase 240 g;18.7
CASA VERDE Salsa Verde Peruana Frasco 190 g;7.85
Canela Entera Cuatro Estaciones Bolsa 5 g;4.2
Sardinas en Aceite Vegetal Vigilante 120 g;13
Estragón Cuatro Estaciones Bolsa 5 g;4.5
Barra de Manjar Blanco San Roque King Kong Caja 280 g;21
Calamares en su Tinta Vigilante Caja 115 g;12.1
BARILLA Salsa Bolognese Envase 400 g;20.9
BAZO VELARDE Fudge Heladero Envase 550 g;17.5
VALLE FERTIL Bruschetta de Alcachofa Valle Fértil Gourmet Envase 295 g;13.9
SAM WONG Aderezo Cantonés Caja 85 g;5
BARILLA Fideo Lasagne Caja 500 g;19.6
TOTTUS Canela Molida Envase 50 g;8
COSTENO Arroz Parbolizado Costeño Bolsa 750 g;5.6
COSTENO Arroz Arborio Costeño Bolsa 750 g;11.9
FRATELLO Colorantes Líquidos para Repostería Caja 4 Und;12.5
CASA VERDE Frejoles Negros Doypack 330 g;7.3
SCHAR Fideos Fusilli Dr Sin gluten Bolsa 250 g;12.4
KIKKO Salsa de Soya Siyau Envase 350 mL;3.7
TROLLI Gomitas Classic Bears Bolsa 100 g;6
BADIA Pimienta Negra Molida Envase 198 g;34.5
Comino Molido Cuatro Estaciones Bolsa 50 g;6.2
King Kong San Roque Manjarblanco Caja 450 g;28.5
LA IBERICA Cobertura La Ibérica de Chocolate con Leche Empaque 200 g;28.9
EL OLIVAR Vinagreta Finas Hierbas Envase 200 mL;9.9
UNIVERSAL Gelatina Sin Azúcar Naranja Caja 19 g;4
SIBARITA Ajo en Pasta Siba Envase 230 g;13.1
MARINELA Gansito Bolsa 50 g;2.7
PROVENZAL Sopa Fuchí Fú Sabor a Pollo Caja 55 g;4.5
VALLE FERTIL Salsa Finas Hierbas Envase 370 g;9.8
EL OLIVAR Salsa Finas Hierbas Light Envase 200 mL;12.7
King Kong San Roque Manjar Piña Caja 75 g;6
PAN Harina de Maíz Amarillo Precocida Empaque 1 Kg;7.5
CASA VERDE Salsa Roja Peruana Empaque 350 g;10.75
SAM WONG Aderezo para Hornear Caja 220 g;9.6
TOTTUS Menta Caja 25 Sobres;8.6
CASA VERDE Salsa Verde Peruana Frasco 330 g;14.1
WALIBI Salsa Vinagreta Doypack 200 g;6.9
BADIA Perejil Empaque 7 g;4.5
AJINOMOTO Caldo Concentrado Doña Gusta Sabor Costilla de Res Caja 6 Und;2.2
NONGSHIM Sopa Oriental Kimchi Nong Shim Bolsa 120 g;6.7
TOTTUS Hongos y Laurel Empaque 10 g;2
TOTTUS Sal de Maras Fina Orígenes Doypack 600 g;10.5
TABASCO Salsa Chipotle Botella 60 mL;13.9
UNIVERSAL Gelatina Uva Empaque 130 g;4.3
UMSHA Mazamorra Sabor Durazno Bolsa 125 g;3.7
SIBARITA Ají Panquita Bajo Picante Sobre 100 g;2.4
NONGSHIM Sopa Carne Picante Nong Shim Bolsa 125 g;6.7
VALLE FERTIL Palmitos en Rodajas Gourmet Envase 450 g;15.85
TOTTUS Sal de Maras Gruesa Molinillo Orígenes Envase 100 g;14.4
VALLE FERTIL Dip Hummus Valle Fértil Tradicional Envase 240 g;19
Don Italo Salsa Pesto Envase 250 g;23.9
Don Italo Salsa de Tomate Envase 250 g;8.9
Perejil Cuatro Estaciones Bolsa 10 g;6.6
UNIVERSAL Gelatina Naranja Empaque 130 g;4.3
D'GUSSTO Fideos Spaghetti D Gussto Bolsa 1 Kg;6
BADIA Pimienta Negra Molida Envase 198 g;34.5
EL OLIVAR Aderezo Casero Bolsa 200 g;7.2
TROLLI Gomitas Classic Bears Bolsa 100 g;6
Canela Entera Cuatro Estaciones Bolsa 5 g;4.2
Ají Panca Molido Cuatro Estaciones Bolsa 10 g;3.7
Fideo Frito Delgado al Huevo Chong Lee Bolsa 500 g;10.3
EL OLIVAR Aceite de Oliva Puro Botella 500 mL;35.99
EL OLIVAR Aceite de Oliva Extra Virgen Botella 1 L;67.9
TOTTUS Palillo Molido Empaque 20 g;2.1
KIKKO Salsa de Soya Ajoikion Envase 350 mL;5.4
MAGGI Cubo Sabor Carne Caja 8 Und;4.5
SCHAR Fideos Spaghetti Dr Sin gluten Bolsa 250 g;12.4
Calamares en su Tinta Vigilante Caja 115 g;12.1
EL OLIVAR Salsa Finas Hierbas Light Envase 200 mL;12.7
MAGGI Cubo Sabor Gallina Caja 8 Und;4.5
MOLINOS DEL MUNDO Fideo Mostacholi Sin gluten Empaque 400 g;20.5
VALLE FERTIL Salsa Vinagreta Clásica Envase 370 g;9.8
KATZEL Mezcla para Panqueques Sin Azúcar Caja 184 g;18.9
BAZO VELARDE Fudge Heladero Envase 550 g;17.5
VALLE FERTIL Bruschetta de Alcachofa Valle Fértil Gourmet Envase 295 g;13.9
NATURANDES Semillas de Linaza Doypack 300 g;8.9
MARINELA Gansito Bolsa 50 g;2.7
TOTTUS Garbanzo con Tocino Lata 425 g;7.8
GRAN CHALAN Arroz Superior Gran Chalán Bolsa 5 Kg;23.3
ALACENA Crema de Ají y Queso Huancaína Doypack 85 g;4.5
ROYAL Pudín Sabor Chocolate Empaque 110 g;4
TOTTUS Arroz Extra Añejo Premium Bolsa 5 Kg;23.3
CAMPOMAR Lomo De Atún En Aceite Vegetal Duopack x 15O g;12.4
Sardinas en Aceite al Limón Vigilante 120 g;16
EL DORADO Pasta Coditos de Lentejas Rojas Bolsa 250 g;28.9
EL DORADO Pasta de Arroz Spaghetti Bolsa 250 g;15.9
MENTOS Chicle Pure Fresh Sabor Menta Freshmint Display 10 Und;88
EL DORADO Pasta de Arroz Penne Bolsa 250 g;14.9
Ketchup Dgussto Doypack 800 g;11
Mayonesa Dgussto Doypack 475 g;10.9
EL DORADO Pasta De Chia Spaghetti x 250 g;19.9
COMPASS Trozos de Atún Aceite Vegetal Pack 3 Latas 140 g;14.8
GOYA Sazonador Italiano Badia Envase 35 g;18.8
BADIA Pimienta Negra Molida Envase 56.7 g;10.6
Sachet Ketchup Dgussto Empaque 100 g;2.8
Mayonesa Dgussto Doypack 850 g;17.6
Chicha de Jora Lorenza Botella 500 mL;11.1
LEE KUM KEE Salsa Curry Envase 235 g;49.4
COMPASS Filete de Atún Aceite Vegetal Pack 3 Latas 140 g;15.8
EL DORADO Pasta de Maíz Amarillo Spaghetti Bolsa 250 g;15.9
LEE KUM KEE Salsa de Soya Envase 500 mL;21.8
TOTTUS Hongos y Laurel Empaque 10 g;2
SIBARITA Ají Panquita Bajo Picante Sobre 100 g;2.4
AJINOMOTO Caldo Concentrado Doña Gusta Sabor Costilla de Res Caja 6 Und;2.2
VALLE FERTIL Dip Hummus Valle Fértil Tradicional Envase 240 g;19
NONGSHIM Sopa Oriental Kimchi Nong Shim Bolsa 120 g;6.7
AGNESI Fideo Eliche Tricolor Bolsa 500 g;14.9
2 BANDERAS Aderezo Oriental Bolsa 85 g;3.8
NONGSHIM Sopa Instantánea Nong Shim Carne Verduras Picante Bolsa 120 g;6.7
Hongo Seco Tratado Cuatro Estaciones Bolsa 10 g;4.2
TESORO DEL CAMPO Frijol Panamito Menestra Bolsa 500 g;6.3
UNIVERSAL Gelatina Extra Colágeno Sabor Fresa Empaque 30 g;5
VALLE FERTIL Choclo Valle Fértil Dulce Desgranado Lata 248 g;6.5
MARINA Sal Emsal Parrillera Envase 500 g;10.7
BADIA Curry en Polvo Envase 56.7 g;11.1
TOTTUS Garbanzo con Tocino Lata 425 g;7.8
SIBARITA Orégano Entero Bolsa 9 g;2.2
CASA VERDE Alcachofa Grilled Envase 220 g;8.7
VALLE FERTIL Conserva Vegetales Mixtos Lata 425 g;8.8
UNIVERSAL Chuño Bolsa 180 g;3.8
TOTTUS Salsa de Rocoto y Ají Limo Envase 370 g;8.9
TOTTUS Aceite de Coco Extra Virgen Orgánico Life Botella 300 mL;21.9
KIKKO Salsa de Soya Siyau Envase 160 mL;2.1
TESORO DEL CAMPO Maíz Pop Corn Menestra Bolsa 500 g;5
GRAN CHALAN Arroz Superior Gran Chalán Bolsa 5 Kg;23.3
TOTTUS Comino Molido Empaque 60 g;6.7
BADIA Nuez Moscada Empaque 14.2 g;4.8
UNIVERSAL Chuño Bolsa 180 g;3.8
King Kong San Roque Manjar Piña Caja 75 g;6
King Kong San Roque Frutos Rojos Caja 230 g;21
GRANO DE ORO Spaghetti Multicereal Empaque 450 g;3.2
ROYAL Gelatina Sabor Limón Bolsa 160 g;5
TOTTUS Ajos Molidos Envase 215 g;8.7
SAM WONG Aderezo Cantonés Caja 85 g;5
SNACK PACK Pudín Vainilla Pack 4 Und;16.9
Fórmula Infantil Enfamil Confort Premium Lata 1.1 Kg;225
VALLE FERTIL Conserva Vegetales Mixtos Lata 425 g;8.8
BADIA Curry en Polvo Envase 56.7 g;11.1
BADIA Nuez Moscada Empaque 14.2 g;4.8
MARINA Sal Emsal Parrillera Envase 500 g;10.7
SIBARITA Orégano Entero Bolsa 9 g;2.2
CASA VERDE Alcachofa Grilled Envase 220 g;8.7
TESORO DEL CAMPO Maíz Pop Corn Menestra Bolsa 500 g;5
TOTTUS Comino Molido Empaque 60 g;6.7
Orégano Entero Cuatro Estaciones Bolsa 10 g;3.6
Estragón Cuatro Estaciones Bolsa 5 g;4.5
TOTTUS Canela Molida Envase 50 g;8
CALE Tapenade Aceitunas Agridulces Envase 109 g;7.9
CARBONELL Vinagre Balsámico Botella 250 mL;10.9
Pimienta Negra Molida Cuatro Estaciones Bolsa 15 g;4.7
AMERICA ORGANICA Fideos Trigrano América Orgánica Espaguetti con Vegetales Caja 227 g;17.7
EL OLIVAR Vinagreta a la Mostaza Envase 340 mL;13.9
COSTENO Arroz Parbolizado Costeño Bolsa 750 g;5.6
TOTTUS Crema de Avellanas con Sabor Cacao Envase 300 g;12.9
SCHAR Fideos Fusilli Dr Sin gluten Bolsa 250 g;12.4
REAL Filete de Atún en Agua Light Pack 3 Latas 80 g;12.4
KIKKO Salsa de Soya Siyau Envase 350 mL;3.7
SAM WONG Aderezo Especial Parrillero Caja 400 g;15
TROLLI Caramelos Neón Squiggles Bolsa 100 g;6
AGNESI Fideo Tagliatelle Mezzane Bolsa 500 g;19.7
FRATELLO Colorantes Líquidos para Repostería Caja 4 Und;12.5
Canela Entera Cuatro Estaciones Bolsa 20 g;5.4
REAL Sólido de Atún en Agua Sin Sal Lata 140 g;6.9
AMERICA ORGANICA Tallarines Spaghetti América Orgánica Caja 227 g;16.1
BARILLA Fideo Lasagne Caja 500 g;19.6
Laurel Cuatro Estaciones Bolsa 5 g;3.4
SAM WONG Aderezo Especial Caja 90 g;4.6
GOYA Colorante Amarillo Badia Envase 49.5 g;9.9
TOTTUS Paprika Molida Empaque 20 g;2.1
GOYA Sal Gruesa Legendaria Rosada Envase 400 g;21.9
SIBARITA Ají Amarillo en Pasta Amarillin Doypack 550 g;18.1
GOYA Salsa de Soya Oscura Lee Kum Kee Botella 500 mL;23.3
GOYA Aceite de Girasol y Oliva Carbonell Botella 500 mL;15.9
TESORO DEL CAMPO Palla Seleccionado Menestra Bolsa 500 g;7.8
TOTTUS Pallar Menestra Bolsa 500 g;5.6
PIKI Aderezo para Pollo Bolsa 200 g;9.7
HUERTO ALAMEIN Vinagre Balsámico Botella 500 mL;21.9
DUW Conserva Jamón Endiablado Envase 54 g;7.2
HELLMANN'S Hellmanns Ketchup Original Doypack 500 g;11.9
TOTTUS Ketchup Americano Envase 680 g;9.9
CASA VERDE Salsa Sabor Queso Envase 170 g;7.5
CASA VERDE Salsa Mexicana Envase 180 g;7.5
TOTTUS Sal Parrillera Envase 750 g;8.5
PIKI Aderezo para Pavo Bolsa 350 g;9.7
Crema de Ají B&D Doypack 190 g;7.3
BKS Galleta Costa Choco Donuts Caja 36 Und;9.2
UNIVERSAL Pudín Dietético Vainilla Caja 19 g;4.2
SANTORINI Filete de Caballa en Aceite Vegetal Lata 170 g;4.5
SANTA CATALINA Avena Precocida Pack 2 Bolsas 900 g;17.5
Mostaza B&D Doypack 200 g;3.9
Mayonesa B&D Doypack 190 g;6.7
BADIA Pimienta Negra Molida Envase 56.7 g;10.6
LEE KUM KEE Salsa de Soya Envase 500 mL;21.8
GOYA Sazonador Italiano Badia Envase 35 g;18.8
EL DORADO Pasta de Maíz Amarillo Spaghetti Bolsa 250 g;15.9
Chicha de Jora Lorenza Botella 500 mL;11.1
TOTTUS Orégano Entero Empaque 10 g;1.4
OLEICO Aceite de Cártamo Oléico Aerosol Envase 170 g;23.9
Panko Premium Barcidda Bolsa 200 g;7.9
BADIA Cebolla en Polvo Envase 78 g;9.5
REAL Solido de Atún en Oliva Lata 140 g;8.4
REAL Lomo de Atún en Aceite de Oliva Pack 3 Latas 80 g;14.9
PRECIO UNO Trozos de Atún en Aceite Lata 140 g;4.4
Salsa de Ostión Barcidda Botella 280 g;10.5
Salsa de Soya Oscura Barcidda Botella 500 mL;13.9
Salsa de Soya Champi Barcidda Botella 500 mL;13.9
TOTTUS Arroz Extra Bolsa 750 g;3.6
BADIA Canela en Rama Empaque 14.2 g;5.2
TOTTUS Tapenade Aceitunas al Ají Envase 185 g;7.9
FARAON Arroz Extra Faraón Bolsa 750 g;4.49
Crema de Avellanas Fundelina Sabor Cacao Envase 350 g;24.9
Ketchup B&D Doypack 1 Kg;12.6
ARICA Duraznos en Almíbar Lata 820 g;10.5
PROVENZAL Mezcla para Ceviche Bolsa 30 g;9.4
EL OLIVAR Aderezo Casero Bolsa 500 g;12.9
SIBARITA Hoja de Laurel Bolsa 5 g;2.6
MENTOS Chicle Pure Fresh Sabor Berry Lime Display 10 Und;88
LAIVE Bebida de Almendra Sin Endulzar Pack 2 Cajas 946 mL;20.9
MENTOS Chicle Pure Fresh Sabor Menta Verde Spearmint 10 Und;88
MENTOS Chicle Pure Fresh Sabor Menta Freshmint Display 10 Und;88
UNIVERSAL Helado con Stevia Sabor Fresa Caja 50 g;5.1
Ketchup B&D Doypack 200 g;3.9
Crema de Avellanas Fundelina Sabor Vainilla Envase 350 g;24.9
Cocoa Negusa Bolsa 150 g;10.4
Crema de Chocolate y Avellanas Negusa Envase 350 g;16.25
MOLITALIA Premezcla Keke de Vainilla Bolsa 450 g;8.5
MOLITALIA Premezcla Torta de Chocolate Bolsa 500 g;8.5
SUBLIME Chocolate con Leche y Maní en Barra Empaque 100 g;10
Cobertura Bitter Negusa Caja 600 g;14.99
Cobertura Blanca Negusa Sixpack Caja 100 g;14.99
DON VITTORIO Canuto Chico Paquete 250 g;2
MAGGI Mezcla de Aderezo en Polvo para Pollo Brasa Empaque 45 g;2.5
DON VITTORIO Rigatoni Paquete 250 g;2
TOTTUS Mostaza Dulce y Picante Envase 280 g;9.9
TODINNO PANETON CHOCOTINNO 450G;22.9
LAIVE Bebida de Coco Sin Endulzar Pack 2 Cajas 946 mL;20.9
AMARU SUPERFOODS Chococashew Bolsa 35 g;5.9
AJINOMOTO Sopa Instantánea Ajimonen Vaso Pollo Picante Envase 50 g;3
BAZO VELARDE Manjar Blanco Casero Bolsa 500 g;6.39
GOYA Pasta Tipo Alfredo Makegusto Envase 55 g;7.5
LA PURITA Granola de Canela Empaque 400 g;19.9
AJINOMOTO Tallarín Saltado Ajinomen Empaque 100 g;2.3
EL OLIVAR Aderezo Casero Bolsa 200 g;7.2
SAM WONG Aderezo Especial Parrillero Caja 400 g;15
AMERICA ORGANICA Fideos Trigrano América Orgánica Espaguetti con Vegetales Caja 227 g;17.7
Barra de Manjar Blanco San Roque King Kong Caja 280 g;21
PROVENZAL Sopa Fuchí Fú Sabor a Pollo Caja 55 g;4.5
VALLE FERTIL Salsa Finas Hierbas Envase 370 g;9.8
MAGGI Cubo Sabor Carne Caja 8 Und;4.5
KATZEL Mezcla para Keke de Vainilla Caja 510 g;12.9
PROVENZAL Mezcla para Arroz con Pollo Bolsa 58 g;9
PROVENZAL Mezcla para Carapulcra Bolsa 150 g;11.4
SCHAR Fideos Spaghetti Dr Sin gluten Bolsa 250 g;12.4
Calamares en su Tinta Vigilante Caja 115 g;12.1
EL OLIVAR Salsa Finas Hierbas Light Envase 200 mL;12.7
PROVENZAL Mezcla para Cau Cau Bolsa 60 g;8.5
MOLINOS DEL MUNDO Fideo Mostacholi Sin gluten Empaque 400 g;20.5
NATURANDES Semillas de Linaza Doypack 300 g;8.9
REAL Filete de Atún en Agua Light Pack 3 Latas 80 g;12.4
EL OLIVAR Vinagreta a la Mostaza Envase 340 mL;13.9
Ají Panca Molido Cuatro Estaciones Bolsa 10 g;3.7
TOTTUS Crema de Avellanas con Sabor Cacao Envase 300 g;12.9
Orégano Entero Cuatro Estaciones Bolsa 10 g;3.6
TOTTUS Quinua Roja Orígenes Menestra Bolsa 500 g;11.9
TOTTUS Pimienta Blanca Molida Empaque 60 g;8
TOTTUS Vinagre Tinto Botella 500 mL;3.3
UNIVERSAL Gelatina Piña Empaque 130 g;4.3
UNIVERSAL Gelatina Limón Empaque 130 g;4.3
UNIVERSAL Gelatina Naranja Empaque 130 g;4.3
CASA VERDE Crema Rocoto Doypack 75 g;4
UNIVERSAL Gelatina Uva Empaque 130 g;4.3
NATURANDES Blend 7 Semillas Chocolate Doypack 200 g;18.6
HUELLA VERDE Granola Chocolate Doypack 200 g;16.9
Granola Bites Cinnamon Roll Sumkha Bolsa 100 g;8.9
WESSON Aceite de Canola Botella 1.18 L;41.9
AJINOMOTO Tallarín Saltado Ajinomen Empaque 100 g;2.3
AJINOMOTO Sopa Instantánea Ajimonen Vaso Carne Envase 50 g;3
AJINOMOTO Sopa Instantánea Ajimonen Vaso Pollo Envase 50 g;3
Ketchup Trufado Guajira Salsas Botella 330 g;24.9
GENERICO Harina de Plátano El Artesano Bolsa 250 g;12.3
Ketchup Tradicional Guajira Salsas Botella 330 g;19.9
SIBARITA Salsa de Culantro con Espinaca Culantrito Doypack 550 g;12.8
Sazonador Ajinomix Pop Corn Mantequilla Caja 6 Sobres;3.5
COSTENO Papa Seca Menestra Costeño Bolsa 500 g;8.4
OLIVOS DEL SUR Corazón Alcachofas en Salmuera Envase 410 g;17.6
Granola Bites Surtido Sumkha Bolsa 100 g;8.9
Granola Bites Chocolate & Nueces Sumkha Doypack 100 g;8.9
NATURANDES Avena 7 Semilla Arándano Doypack 240 g;12.5
NATURANDES Blend 7 Semilla Vainilla Doypack 200 g;18.6
NATURANDES Avena 7 Semillas Manzana Doypack 240 g;12.5
Granola Bites Dulce de Leche Sumkha Bolsa 100 g;8.9
Granola Bites Dulce de Leche Sumkha Doypack 100 g;8.9
Granola Bites Chocolate & Nueces Sumkha Bolsa 100 g;8.9
TROLLI Gomitas Funiverse Bolsa 100 g;6
Pimienta Negra Molida Cuatro Estaciones Bolsa 60 g;7.5
TOTTUS Pallar Menestra Bolsa 500 g;5.6
Nopal Flax con Manzana Nuestra Salud Bolsa 454 g;43.5
HUELLA VERDE Hojuelas de Avena Original Doypack 400 g;16.9
COSTENO Lenteja Menestra Costeño Bolsa 500 g;3.9
LA PURITA Granola de Canela Empaque 400 g;19.9
Lollipops Organic Vitamina C Bolsa 60 g;9
TOTTUS Mayonesa Doypack 475 g;9.1
EL OLIVAR Salsa Casera al Olivo Envase 200 mL;9.5
TOTTUS Ketchup Americano Envase 425 g;7.9
OLI21 Aceite Oliva Extra Baja Envase 200 mL;21
OLI21 Ajo Granulado Envase 85 g;13.9
OLI21 Ají Panca Molido Envase 60 g;15.5
OLI21 Kion Granulado Envase 50 g;13.9
OLI21 Vinagre Manzana Botella 500 mL;16.5
BADIA Pimentón Empaque 28 g;4.8
CAMPOMAR Sólido de Caballa en Aceite 170 g;5.7
LA SERENISIMA Dulce de Leche Estilo Colonial Empaque 400 g;21.24
CAMPOMAR Filete De Atún En Aceite Vegetal x 150 g;6.5
ARCOR Relleno Untable Bon O Bon Envase 290 g;23
TOTTUS Vinagre de Manzana Botella 500 mL;8.3
TOTTUS Mostaza Doypack 220 g;3.6
AGNESI Pomodoro Arriata Envase 400 g;16.9
Sopa Instantánea Maruchan Res Envase 64 g;5.9
KATZEL Mezcla para Panqueques Caja 420 g;14
CASA VERDE Frejoles Negros Doypack 330 g;7.3
GNAWLERS Snack Perros Sticks Sabor Tocino Empaque 8 Und;11.9
HUERTO ALAMEIN Aceite Olivado Botella 900 mL;13.4
PIKI Aderezo para Pollo Bolsa 100 g;3.1
MARINELA Pingüino Bolsa 80 g;3.5
TOTTUS Sal de Maras Gruesa con Hierbas Mediterráneas Orígenes Empaque 90 g;9.9
TESORO DEL CAMPO Frijol Canario Menestra Bolsa 500 g;9.2
OLIVOS DEL SUR Aceite de Oliva Extra Virgen Botella 750 mL;69.6
TOTTUS Cazuela de Lentejas Lata 425 g;7.1
Fideo Fetuccini Integral Age Empaque 500 g;14.5
LA MONTANARA Fideo Fetuccini con Espinaca Montanara Bolsa 600 g;7.8
TESORO DEL CAMPO Frijol Caballero Menestra Bolsa 500 g;9.5
GRAN CHALAN Arroz Superior Gran Chalán Bolsa 750 g;4
TOTTUS Mayonesa Sabor a Queso Bolsa 100 g;4.4
TOTTUS Lentejas con Tocino Lata 425 g;7.1
TOTTUS Arroz Extra Añejo Premium Bolsa 750 g;4.1
BADIA Orégano Entero Envase 14.2 g;9.9
BIMBO Kekitos Bimboletes Chocochips Bolsa 105 g;3.7
CARMENCITA Ajo en Polvo Envase 40 g;9.74
LIL WOODZEEZ Gomitas Ambrosoli Flippy Bolsa 480 g;11.9
BIMBO Muffins Little Bites Blueberry Caja 130 g;9.9
BIMBO Muffins Little Bites Brownie Caja 130 g;9.9
BIMBO Kekitos Bimboletes Marmoleado Bolsa 105 g;3.7
BIMBO Kekitos Bimboletes Vainilla Bolsa 105 g;3.7
TOTTUS Fideos Farfalle Premium Bolsa 500 g;5.4
LA PURITA Granola de Canela Empaque 400 g;19.9
TOTTUS Puré de Papas Empaque 125 g;4
BADIA Canela en Polvo Empaque 14.2 g;4.8
AJINOMOTO Tallarín Saltado Ajinomen Empaque 100 g;2.3
Paprika Molida Kariño Bolsa 15 g;4.2
BARILLA Fideo Spaguetti Caja 500 g;10.9
BARILLA Spaghetti Libre de Gluten Empaque 400 g;21.9
OLIVOS DEL SUR Tapenade Tradicional Envase 260 g;14.7
BARILLA Fideo Spaguettoni Caja 500 g;10.9
BKS Almendras Vizzio Chocolate Con Leche Caja 122 g;10.5
CARMENCITA Nuez Moscada Molida Envase 30 g;12.53
TESORO DEL CAMPO Lenteja Bebé Menestra Bolsa 500 g;6.4
UNIVERSAL Helado con Stevia Sabor Vainilla Caja 50 g;5.1
KRAFT Macaroni y Cheese Original Caja 206 g;7.1
CALE Aceituna Verde Relleno con Castaña Envase 240 g;8
COSTENO Arroz Extra Costeño Bolsa 750 g;4.9
TOTTUS Salsa de Ají Amarillo Envase 370 g;6.2
COSTENO Arroz Superior Costeño Bolsa 750 g;4.5
FARAON Arroz Faraón Superior Bolsa 5 Kg;24.9
DELEITE Aceite Vegetal Premium Botella 900 mL;7.3
TOTTUS Mostaza Düsseldorf;9.9
LA MONTANARA Fideo Spaghetti al Huevo Montanara Bolsa 500 g;7.8
HUNGRY JACK Mezcla de Pancakes Chocolate Chips Caja 794 g;23.9
AGNESI Fideo Pennette Rigate Bolsa 500 g;14.9
GOYA Aderezo para Cerdo Piki Bolsa 350 g;9.7
SPREAD Aceite de Coco Botella 200 g;19.9
TOTTUS Salsa BBQ Original Envase 510 g;9.9
GOYA Salsa de Soya Lee Kum Kee Botella 500 mL;34.5
TOTTUS Hueso Carnaza Chico para Perros Empaque 30 g;3.9
GENERICO Harina de Soya Tostada Renacer Bolsa 500 g;16.4
KIKKO Salsa de Soya Siyau Envase 350 mL;3.7
TOTTUS Arroz Extra Añejo Premium Bolsa 750 g;4.1
TOTTUS Canela Molida Envase 50 g;8
CASA VERDE Frejoles Negros Doypack 330 g;7.3
GNAWLERS Snack Perros Sticks Sabor Tocino Empaque 8 Und;11.9
TESORO DEL CAMPO Lenteja Menestra Bolsa 500 g;6.2
TABASCO Salsa Picante Botella 150 mL;30.9
COMPASS Duraznos En Mitades x 820 g;9.8
UNIVERSAL Gelatina Piña Empaque 130 g;4.3
UNIVERSAL Gelatina Limón Empaque 130 g;4.3
D'GUSSTO Fideos Spaghetti D Gussto Bolsa 1 Kg;6
BADIA Orégano Entero Empaque 14.2 g;4.5
Don Italo Salsa de Tomate Envase 250 g;8.9
Don Italo Salsa Pesto Envase 250 g;23.9
UNIVERSAL Gelatina Naranja Empaque 130 g;4.3
Perejil Cuatro Estaciones Bolsa 10 g;6.6
TOTTUS Sal de Maras Fina Orígenes Doypack 600 g;10.5
Ketchup Tradicional Guajira Salsas Botella 330 g;19.9
SIBARITA Salsa de Culantro con Espinaca Culantrito Doypack 550 g;12.8
Granola Bites Cinnamon Roll Sumkha Doypack 100 g;8.9
TROLLI Gomitas Funiverse Bolsa 100 g;6
TOTTUS Premezcla Panqueques con Chispas Sabor Chocolate Caja 190 g;6.9
Granola Bites Surtido Sumkha Bolsa 100 g;8.9
Granola Bites Chocolate & Nueces Sumkha Doypack 100 g;8.9
OLIVOS DEL SUR Corazón Alcachofas en Salmuera Envase 410 g;17.6
Granola Bites Dulce de Leche Sumkha Doypack 100 g;8.9
Granola Bites Chocolate & Nueces Sumkha Bolsa 100 g;8.9
HUELLA VERDE Hojuelas de Avena Original Doypack 400 g;16.9
HUNGRY JACK Mezcla de Pancakes Buttermilk Caja 907 g;23.9
ECOANDINO Cúrcuma en Polvo Orgánica Doypack 100 g;16.6
EGGLESS Aderezo Vegetal Mayo Ajo Envase 352 g;15.9
EGGLESS Aderezo Vegetal Mayo Original Envase 352 g;15.9
LA MONTANARA Fideo Spaghetti al Huevo Montanara Bolsa 500 g;7.8
NESTLE Mezcla Concentrada de Leche Nestlé Topping Lata 397 g;5.5
TOTTUS Lenteja Menestra Bolsa 500 g;4.8
TOTTUS Arroz Superior Bolsa 750 g;3.4
TOTTUS Salsa BBQ Picante Envase 510 g;9.9
HELLMANN'S Mayonesa Hellmanns Real Envase 443 mL;18.9
GNAWLERS Snack Perros Hueso de Leche Empaque 6 Und;10.9
Lollipops Organic Vitamina C Bolsa 60 g;9
TABASCO Salsa Chipotle Botella 60 mL;13.9
Granola Bites Chocolate & Nueces Sumkha Bolsa 100 g;8.9
HUELLA VERDE Hojuelas de Avena Original Doypack 400 g;16.9
TROLLI Gomitas Funiverse Bolsa 100 g;6
TOTTUS Ketchup Empaque 100 g;2.1
HUNGRY JACK Mezcla de Pancakes Chocolate Chips Caja 794 g;23.9
TOTTUS Arroz Superior Bolsa 750 g;3.4
ECOANDINO Cúrcuma en Polvo Orgánica Doypack 100 g;16.6
LA MONTANARA Fideo Spaghetti al Huevo Montanara Bolsa 500 g;7.8
OLIVOS DEL SUR Vinagre Balsámico Botella 200 mL;9.9
GNAWLERS Snack Perros Hueso de Leche Empaque 6 Und;10.9
TOTTUS Lenteja Menestra Bolsa 500 g;4.8
OLIVOS DEL SUR Vinagre Artesanal Botella 500 mL;18.7
NESTLE Mezcla Concentrada de Leche Nestlé Topping Lata 397 g;5.5
BLANCA FLOR Premezcla de Keke Sabor Naranja Bolsa 750 g;12.5
CASA VERDE Salsa Verde Peruana Frasco 190 g;7.85
BLANCA FLOR Premezcla de Keke Sabor Vainilla Bolsa 750 g;12.5
UMSHA Mazamorra Sabor Piña Bolsa 125 g;3.7
UMSHA Mazamorra Sabor Durazno Bolsa 125 g;3.7
UMSHA Mazamorra Morada Bolsa 125 g;3.7
GENERICO Harina de Soya Tostada Renacer Bolsa 500 g;16.4
Fideo Frito Delgado al Huevo Chong Lee Bolsa 500 g;10.3
COSTENO Arroz Parbolizado Costeño Bolsa 750 g;5.6
COSTENO Arroz Arborio Costeño Bolsa 750 g;11.9
PAISANA Arroz Superior Bolsa 1 Kg;5.5
TABASCO Salsa Chipotle Botella 60 mL;13.9
TESORO DEL CAMPO Lenteja Menestra Bolsa 500 g;6.2
Don Italo Salsa de Tomate Envase 250 g;8.9
Don Italo Salsa Pesto Envase 250 g;23.9
Perejil Cuatro Estaciones Bolsa 10 g;6.6
TOTTUS Sal de Maras Fina Orígenes Doypack 600 g;10.5
PIKI Aderezo para Pollo Bolsa 100 g;3.1
COSTENO Harina de Arroz Costeño Bolsa 1 Kg;8.9
BKS Almendras Vizzio Chocolate Con Leche Caja 122 g;10.5
CARMENCITA Pimienta Negra Molida Envase 32 g;9.74
GOYA Sopa Neoguri Picante Nong Shim Bolsa 120 g;7.5
CARMENCITA Comino Molido 30 g;9.74
BADIA Orégano Entero Envase 14.2 g;9.9
GENERICO Harina Pre Tostada Especial Renacer Bolsa 500 g;16.9
CARMENCITA Canela Molida 25 g;9.74
REAL Filete de Atún en Agua Sin Sal Lata 140 g;4.9
CARMENCITA Cúrcuma Molida Envase 31 g;12.9
SIBARITA Ají Amarillo en Pasta Amarillin Doypack 550 g;18.1
PROVENZAL Mezcla para Ají de Gallina Bolsa 100 g;9.1
TESORO DEL CAMPO Frijol Caballero Menestra Bolsa 500 g;9.5
Comino Molido Kariño Bolsa 18 g;3.5
COSTENO Lentejón Menestra Costeño Bolsa 500 g;6.9
VALLENORTE Arroz Superior Bolsa 750 g;4
UNIVERSAL Flan Sabor a Vainilla Bolsa 150 g;5
TESORO DEL CAMPO Frijol Canario Menestra Bolsa 500 g;9.2
OLIVOS DEL SUR Aceite de Oliva Extra Virgen Botella 750 mL;69.6
TOTTUS Tapenade Mix Aceitunas Envase 185 g;7.9
TOTTUS Arroz Extra Añejo Premium Bolsa 750 g;4.1
PAISANA Arroz Extra Bolsa 1 Kg;5.8
TOTTUS Sal de Maras Gruesa con Hierbas Mediterráneas Orígenes Empaque 90 g;9.9
2 BANDERAS Aderezo Criollo BBQ Bolsa 90 g;3.5
TOTTUS Fideos Premium Spaghetti Bolsa 500 g;5.4
TOTTUS Cazuela de Lentejas Lata 425 g;7.1
UNIVERSAL Pudín Sabor a Vainilla Bolsa 100 g;4.2
Fideo Fetuccini Integral Age Empaque 500 g;14.5
WALIBI Salsa Vinagreta Doypack 85 g;5.4
TOTTUS Lentejas con Tocino Lata 425 g;7.1
GRAN CHALAN Arroz Superior Gran Chalán Bolsa 750 g;4
BARILLA Salsa de Tomate Arrabbiata Envase 400 g;19.8
TOTTUS Mayonesa Sabor a Queso Bolsa 100 g;4.4
ALACENA Mostaza Doypack 220 g;5.5
TESORO DEL CAMPO Lentejón Menestra Bolsa 500 g;6.4
TOTTUS Pasta de Ají Amarillo Envase 205 g;5.6
ROYAL Gelatina Sabor Fresa Bolsa 160 g;5
TOTTUS Mostaza de miel natural;9.9
GOYA Salsa Agridulce Lee Kum Kee Botella 240 g;29.6
GOYA Sal Gruesa Legendaria Rosada Envase 400 g;21.9
GOYA Salsa de Soya Oscura Lee Kum Kee Botella 500 mL;23.3
NATURANDES Blend 7 Semillas Chocolate Doypack 200 g;18.6
TOTTUS Ajonjolí Empaque 20 g;2.1
ORQUIDEA Bombones Rellenos Orquídea Bolsa 250 g;36.7
AMARU SUPERFOODS Chocoaguaymanto Bolsa 35 g;5.9
HELLMANN'S Ketchup Hellmanns Doypack 250 g;5.5
HELLMANN'S Mayonesa Clásica Hellmanns Doypack 237 g;5.5
LIL WOODZEEZ Gomitas Ambrosoli Flippy Bolsa 480 g;11.9
Granola Bites Cinnamon Roll Sumkha Bolsa 100 g;8.9
Granola Bites Manzana Sumkha Doypack 100 g;8.9
HUELLA VERDE Granola Chocolate Doypack 200 g;16.9
HUNT Salsa BBQ Hunts Chipotle Envase 305 g;10.51
SIBARITA Ají Panquita Bajo Picante Doypack 550 g;15.9
NISSIN Pasta Precocida Trigo Ramen Pollo Picante Empaque 85 g;2.7
NISSIN Pasta Precocida Trigo Ramen Costilla Empaque 85 g;2.7
NISSIN Pasta Precocida Cup Noodles Pollo Picante Empaque 68 g;6.2
NISSIN Pasta Precocida Cup Noodles Pollo Empaque 69 g;6.2
NISSIN Pasta Precocida Cup Noodles Carne Empaque 68 g;6.2
COMPASS Duraznos En Mitades x 820 g;9.8
D'GUSSTO Fideos Spaghetti D Gussto Bolsa 1 Kg;6
TOTTUS Palillo Molido Empaque 50 g;6
CARMENCITA Ajo en Polvo Envase 40 g;9.74
CARMENCITA Jengibre Molido Envase 25 g;9.74
TOTTUS Mayonesa Doypack 95 g;4
TOTTUS Mostaza Dijon;9.9
DON VITTORIO Linguini Grosso Paquete 500 g;3.3
NATURANDES Emoliente Sabor Manzana Bolsa 150 g;8.99
OLIVOS DEL SUR Aceituna Verde Rellenas con Pimiento Envase 380 g;22.9
POMAROLA Concentrado de Tomate Empaque 1 Kg;13.9
GLORIA Leche Condensada Doypack 1.2 Kg;20.5
BIMBO Kekitos PYC Naranja Bolsa 90 g;3.5
KEMAL KUKRER Vinagre de Manzana Botella 500 mL;16.8
BIMBO Kekitos PYC Vainilla Bolsa 90 g;3.5
Ramen Maruchan Pollo Empaque 85 g;3.7
LEE KUM KEE Salsa Hoisin Envase 397 g;27.9
MY FOODS Maní Vizzio Cubierto con Chocolate Caja 70 g;5
NESTLE Leche Condensada Nestlé Topping Lata 100 g;3
GOYA Ajo Picado Badia en Aceite de Oliva Envase 226.8 g;12.9
GOYA Salsa Tagliolini Carbo Pastarotti Bolsa 175 g;10.9
GOYA Sazonador para Fajitas Badia Envase 78 g;9.9
GOYA Sazonador para Tacos Badia Envase 78 g;9.9
GOYA Sazonador Harlem Garlic Badia Envase 170.1 g;21
D'GUSSTO Trozos de Atún D Gussto en Aceite Vegetal Lata 140 g;3.8
GOYA Pimentón Ahumado Badia Envase 106.3 g;21.9
GOYA Sazonador Holy Smokes Badia Envase 155.9 g;21
GOYA Sazonador 5 Especias Badia Envase 99.2 g;21
GOYA Salsa Penne Arrabiata Pastarotti Bolsa 175 g;10.9
BADIA Mezcla de Pimientas Envase 56.7 g;17.6
GOYA Sal Rosada con Ajo Negro Badia Envase 255.1 g;24.9
PIKI Ajo Molido Bolsa 350 g;10.2
CASA VERDE Dip con Palta Envase 225 g;8.9
Harina de Maca Amarilla Nuestra Salud Doypack 200 g;19.6
PAM Aceite de Canola en Aerosol Envase 177 mL;23.8
COSTENO Quinua Menestra Costeño Bolsa 500 g;8.5
TOTTUS Vinagreta Italiana Envase 240 g;4.9
GOYA Ají Panca Molido Piki Doypack 120 g;3.1
AGNESI Fideos Spaguetti Bolsa 1 Kg;22.5
BAZO VELARDE Fudge Heladero Doypack 200 g;3.9
JOKER Mermelada Mackays Escocesa de Tres Bayas Envase 340 g;22.9
OLI21 Aceite Oliva Extra Baja Envase 200 mL;21
OLI21 Kion Granulado Envase 50 g;13.9
OLI21 Vinagre Manzana Botella 500 mL;16.5
OLI21 Cebolla Granulada Envase 75 g;13.9
MAGGI Sopa Instantánea Sabor Pollo con Fideos Bolsa 57 g;4
TOTTUS Premezcla Brownie Caja 300 g;6.9
COSTENO Garbanzo Menestra Costeño Bolsa 500 g;7.4
CASA VERDE Tapenade Pura Alcachofa Envase 190 g;8.9
STASH Infusión Wild Raspberry Hibiscus Caja 20 Und;31.9
OLIVOS DEL SUR Aceite de Oliva Extra Virgen Botella 1 L;77.3
TOTTUS Aceite de Oliva Extra Virgen Botella 1 L;55.9
FLEISCHMANN Mezcla para Chantilly Bolsa 380 g;14.5
EL OLIVAR Aceite de Oliva Puro Botella 1 L;62.99
MEXI SALSA Salsa Picante Envase 430 g;12.8
MARCO POLO Fideo Tallarín Bolsa 450 g;2.5
BADIA Nuez Moscada Molida Empaque 56.7 g;13.9
PROVENZAL Salsa Huancaína Bolsa 64 g;9.1
OLIVOS DEL SUR Aceite de Ajonjolí Olivos del Sur Botella 500 mL;38.6
PAM Aceite en Spray Envase 141 g;23.8
TOTTUS Aceite de Oliva Extra Virgen Botella 1 L;55.9
FLEISCHMANN Mezcla para Chantilly Bolsa 380 g;14.5
2 CERRITOS Cereal Chocolate Burbujitas Bolsa 125 g;10.9
UNIVERSAL Flan Sabor a Chocolate Bolsa 150 g;5
SIBARITA Canela Molida Bolsa 10 g;2.6
VALLENORTE Arroz Integral Valle Norte Bolsa 750 g;5.6
VALLENORTE Arroz Añejo Superior Valle Norte Bolsa 750 g;4.5
TOTTUS Orégano Entero Empaque 10 g;5.3
TOTTUS Vinagreta Clásica Light Envase 237 g;4.9
TOTTUS Vinagreta Italiana Envase 240 g;4.9
GOYA Pasta Formaggi Makegusto Envase 55 g;7.5
GOYA Ají Panca Molido Piki Doypack 120 g;3.1
AGNESI Salsa de Tomate Envase 400 g;16.9
GOYA Salsa de Ostión Lee Kum Kee Botella 255 g;17.9
HERSHEYS Syrup de Chocolate Envase 680 g;31.9
CASA VERDE Dip con Palta Envase 225 g;8.9
AGNESI Fideos Spaguetti Bolsa 1 Kg;22.5
EL OLIVAR Aceite de Oliva Puro Botella 200 mL;16.9
BAZO VELARDE Fudge Heladero Doypack 200 g;3.9
JOKER Mermelada Mackays Escocesa de Tres Bayas Envase 340 g;22.9
COSTA Barra de Ceral Cereal Bar Maní Caja 12 Und;11
TOTTUS Aceituna Verde Rellena con Rocoto Bolsa 240 g;9.8
OLIVOS DEL SUR Aceituna Botija Entera 850 g;23.9
TOTTUS Gelatina Fresa Bolsa 100 g;3.6
TESORO DEL CAMPO Arveja Partida Menestra Bolsa 500 g;4.2
TOTTUS Gelatina Piña Bolsa 100 g;3.6
Curry Cuatro Estaciones Bolsa 15 g;3.5
GIUSEPPE CREMONINI Vinagre Balsámico Botella 250 mL;18.6
AGNESI Fideo Pennette Rigate Bolsa 500 g;14.9
LA MONTANARA Fideo Fetuccini de Huevo Montanara Bolsa 500 g;7.8
ZANA Gelatina Akami Sabor Naranja Caja 50 g;8.9
ZANA Gelatina Akami Sabor Fresa Caja 50 g;8.9
OLEICO Aceite Botella 710 mL;27.9
MEXI SALSA Salsa Picante Envase 430 g;12.8
EL OLIVAR Vinagreta a la Mostaza Envase 200 mL;9.9
PIKI Ají Amarillo Molido Bolsa 350 g;10.2
COSTENO Frijol Castilla Menestra Costeño Bolsa 500 g;6.6
PRECIO UNO Mayonesa Envase 475 g;5.6
PROVENZAL Salsa Alfredo Bolsa 65 g;8.9
OLIVOS DEL SUR Aceite de Oliva Extra Virgen Botella 1 L;77.3
GRAN CHALAN Arroz Extra Natural Bolsa 750 g;4.5
TOTTUS Salsa de Ají Amarillo Envase 370 g;6.2
GOYA Arroz Rissoto Arborio Inverni Caja 1 Kg;31.9
NISSIN Pasta Precocida Cup Noodles Pollo Picante Empaque 68 g;6.2
NISSIN Pasta Precocida Cup Noodles Pollo Empaque 69 g;6.2
NISSIN Pasta Precocida Ramen Sabor Carne Empaque 85 g;2.7
NISSIN Pasta Precocida Cup Noodles Verduras Empaque 67 g;6.2
NISSIN Pasta Precocida Cup Noodles Carne Empaque 68 g;6.2
GOYA Pasta Napolitana Makegusto Envase 55 g;7.5
DON VITTORIO Fetuccini Paquete 500 g;3.3
GOYA Pasta Formaggi Makegusto Envase 55 g;7.5
Mostaza B&D Envase 425 g;6.1
GOYA Salsa Penne Arrabiata Pastarotti Bolsa 175 g;10.9
GOYA Salsa Tagliolini Carbo Pastarotti Bolsa 175 g;10.9
GOYA Sazonador para Tacos Badia Envase 78 g;9.9
GOYA Sal Rosada con Ajo Negro Badia Envase 255.1 g;24.9
GOYA Sazonador 5 Especias Badia Envase 99.2 g;21
DON VITTORIO Linguini Grosso Paquete 500 g;3.3
TOTTUS Vinagreta Clásica Light Envase 237 g;4.9
POMAROLA Concentrado de Tomate Empaque 1 Kg;13.9
Ramen Maruchan Pollo Empaque 85 g;3.7
LEE KUM KEE Salsa Hoisin Envase 397 g;27.9
BIMBO Kekitos PYC Vainilla Bolsa 90 g;3.5
MY FOODS Maní Vizzio Cubierto con Chocolate Caja 70 g;5
TOTTUS Gelatina Piña Bolsa 100 g;3.6
JOKER Mermelada Escocesa Mackays de Arándano y Grosella Negra Envase 340 g;22.9
BIMBO Kekitos PYC Naranja Bolsa 90 g;3.5
TOTTUS Maíz Cancha Menestra Bolsa 400 g;5.9
SIBARITA Ajo en Pasta Siba Doypack 250 g;15
GOYA Salsa de Soya Lee Kum Kee Botella 500 mL;34.5
MAGGI Mezcla de Aderezo en Polvo para Pollo Brasa Empaque 45 g;2.5
AMARU SUPERFOODS Chococashew Bolsa 35 g;5.9
DON VITTORIO Rigatoni Paquete 250 g;2
LAIVE Bebida de Coco Sin Endulzar Pack 2 Cajas 946 mL;20.9
DON VITTORIO Canuto Chico Paquete 250 g;2
TOTTUS Mostaza Dulce y Picante Envase 280 g;9.9
TODINNO PANETON CHOCOTINNO 450G;22.9
AJINOMOTO Sopa Instantánea Ajimonen Vaso Pollo Picante Envase 50 g;3
BAZO VELARDE Manjar Blanco Casero Bolsa 500 g;6.39
BONLE Manjarblanco Bolsa 200 g;4.9
NATURANDES Semilla Ajonjolí Doypack 250 g;9.8
Ketchup Dgussto Doypack 400 g;6.9
TESORO DEL CAMPO Quinua Menestra Bolsa 500 g;10.2
GOYA Sal Marina y Trufas Negras Badia Envase 255.1 g;41.6
BARILLA Salsa Basilico Envase 400 g;20.9
Cobertura Blanca Negusa Sixpack Caja 100 g;14.99
Crema de Chocolate y Avellanas Negusa Envase 350 g;16.25
Cobertura Bitter Negusa Caja 600 g;14.99
Cocoa Negusa Bolsa 150 g;10.4
MOLITALIA Premezcla Keke de Vainilla Bolsa 450 g;8.5
MOLITALIA Premezcla Torta de Chocolate Bolsa 500 g;8.5
CASA VERDE Salsa Roja Pouch Empaque 160 g;4.5
DON VITTORIO Spaguetti Paquete 500 g;3.3
BONLE Manjarblanco Bolsa 500 g;10.9
MARCO POLO Fideo Spaghetti Bolsa 450 g;2.5
PROVENZAL Base para Ocopa Bolsa 70 g;9.1
NONGSHIM Sopa Marisco Nong Shim Envase 111 g;10.5
DON VITTORIO Linguini Paquete 500 g;3.3
TOTTUS Keke Naranja Bolsa 380 g;8.9
