Producto;Precio Original (S/)
Huevos Pardos Bandeja 30 Und;20.5
Huevos de Codorniz Bandeja 24 Und;8.9
Huevos de Codorniz Bandeja 18 Und;6.9
Huevos Pardos Bandeja 15 Und;11
Huevos Pardos Bandeja 8 Und;6.5
Huevos para el Ande Bandeja 15 Und;11.9
Huevos de Gallina Bandeja 30 Und;22.5
Huevos de Corral Bandeja 12 Und;14.5
Huevos de Gallina Bandeja 15 Und;11.3
Huevos Pardos Jumbo Bandeja 15 Und;12.9
Huevos Pardos Bandeja 15 Und;11.5
Huevos Blancos Bandeja 15 Und;11.5
Huevos Súper Jumbo Bandeja 10 Und;11.5
Huevos Pardos 14 Und + 1 Huevo Sopresa;17.9
WEB HERVIDOR DE HUEVOS 7 UNIDADES;79
Set Pascua Conejo y Huevo de Yeso 2 Pzas;24.9
Set x4 Cortador de Huevo;5.5
Set de Pascua Huevo de Yeso;19.9
Sartén para Huevo Stahltek Celebration 16 cm;29.9
Fideo Fetuccini de Huevo Montanara Bolsa 500 g;7.8
Fideo Spaghetti al Huevo Montanara Bolsa 500 g;7.8
Sartén Mini para Huevo 14Cm + Espátula 2 Und;19.9
Sartén Mini para Huevo 14Cm + Espátula 2 Und;16.9
Fideo Tagliatelle de Huevo Montanara Bolsa 500 g;7.8
Fideo Frito Delgado al Huevo Chong Lee Bolsa 500 g;10.3
Huevos Pardos Bandeja 15 Und + 3 Und;11.5
Peluche Gato Sorpresa Asst;59.9
Lanzador de Dardos Dino Striker;49.9
Mini Dino Edad Hielo Sorpresa;39.9
Mini Peluche Animal Sorpresa;99.9
Mini Huevo Dino Island Sor Asst;39.9
Dino Island Sorpresa Asst;19.9
Peluche Animal Aroma Sorpresa Surtido;59.9
Lanzador de Dardos Extinto Dino Attack;34.9
Mini Dino Jurasic Luminoso Asst;39.9
Alimento Seco Perros Adultos Alta Proteína Carne Huevo Bolsa 2 Kg;40.6
Pájaros Cantores Sorpresa Asst;89.9
REFRIGERADORA 175L INOX;799
REFRIGERADORA DEFROST 172LT;699
Set de Juego Pizza Mart;119.9
