Producto;Precio
Ensalada de Piña, Sandía y Papaya BELL'S Bandeja 300g;5.69
Manzana Delicia;4.06
Beterraga x Atado;4.4
Tomate Italiano BELL'S Bolsa 1Kg;5.5
Ensalada Rusa BELL'S Bandeja 500g;9.49
Cebolla Roja;2.97
Tomate Italiano;4.68
Limón Ácido;4.6
Zanahoria;2.86
Mandarina W MURCOTT;2.2
Zapallo Macre;2.3
Palta Fuerte;8.67
Choclo Entero un;1.5
Camote Amarillo Procesado;1.88
Papa Blanca Yungay;2.17
Fresa IMPERIAL Bandeja 500g;10.9
Blueberries BELL'S FRESCOS Bandeja 500g;10.8
Papa Amarilla Tumbay;6.68
Papaya;4.7
Naranja para Jugo;1.88
Vainita Americana;7.08
Ají Amarillo;5.5
Lechuga Americana BELL's Bolsa 300g;1.9
Papa Blanca;2.2
Espinaca BELL'S Bolsa 350g;3.9
Pimiento Morrón;8.29
Pepinillo;1.98
Brócoli;3.9
Ajo Entero;15.68
Apio Atado;2.2
Papa Amarilla Peruanita;5.86
Lechuga Crespa BELL'S;1.8
Pera Packhams Importada;5.88
Granadilla Oxapampa x unidad;0.9
Cebolla Blanca;2.57
Limón Tahití;4.49
Arverja Congelada BELL'S Bolsa 500g;6.9
Plátano Bizcochito BELL'S;5.4
Plátano de Isla BELL'S;3.89
Palta Fuerte BELL'S Madura;11.9
Espinaca Bebé BELL'S Bolsa 150g;3.1
Albahaca BELL'S Bolsa 80g;1.9
Champiñon Entero BELL'S Bandeja 200g;4.9
Pepino Holandés BELL'S;3.39
Piña Golden;3.1
Sandía;1.8
Kion;9.9
Manzana Royal Gala Importada;6.68
Melón Coquito;3.59
Maracuyá;5.48
Zapallo Italiano x unidad;1.5
Poro Entero un;1.99
Olluco;4.68
Arveja;8.36
Mango Edward;5.18
Manzana Roja Importada;7.08
Manzana Verde Importada;7.36
Blueberries BELL'S FRESCOS Bandeja 300g;6.0
Fresa Entera Congelada BELL'S Bolsa 1kg;12.9
Tomate Redondo;4.99
Lechuga Crespa Hidropónica BELL'S Bolsa 200g;2.89
Lechuga Seda Hidropónica BELL'S Bolsa 200g;3.39
Papa Prefrita Congelada AVIKO Bolsa 1kg;11.9
Espárragos Verdes BELL'S FRESCOS Paquete 300g;6.1
Tomate Cherry BELL'S Bandeja;4.7
Rabanito BELL'S Bolsa 400g;3.99
Cebolla China BELL'S Bolsa 320g;3.3
Aguaymanto Pelado BELL'S Bandeja 200g;4.49
Perejil BELL'S Bolsa 60g;1.99
Champiñon Picado BELL'S Bandeja 200g;4.9
Palta Hass Madura LA CASERITA Empaque 500g;5.2
Uva Verde sin Pepa;19.5
Yuca;5.1
Haba Verde;5.9
Coliflor Un;5.79
Melocotón Premium;10.5
Papa Huayro;6.29
Maíz Morado;9.17
Camote Morado;2.99
Plátano Bellaco;5.49
Papa Cocktail;1.99
Brócoli VIVA;8.5
Naranja de Mesa Importada;3.86
Caigua x unidad;0.99
Masa para Wantán SAN SEN Bolsa 500g;4.2
Palta Hass Madura BELL'S FRESCOS Caja 3un;7.49
Col Morada Mitad un;5.9
Cebolla China MANANTIALES Bolsa 200g;3.5
Albahaca Deshojada BELL'S FRESCOS 120g;4.99
Lechuga Crespa Entera VERDE PURO Bolsa 200g;3.49
Lechuga Romana Entera VERDE PURO Bolsa 200g;3.79
Piña en Trozos Congelada BELL'S Bolsa 1kg;13.9
Ajo Entero BELL'S Pelado Bandeja 250g;11.5
Blueberries BELL'S FRESCOS Bandeja 100g;3.2
Choclo Americano Precocido Congelado GREEN FOOD Bolsa 400g;9.0
Mix de Arveja y Zanahoria Precocida Congelada GREEN FOOD Bolsa 400g;5.8
Fresa Entera Congelada EL FRUTERO Bolsa 1Kg;15.7
Piña Golden Madura;5.5
Espinaca VERDE PURO Bolsa 500g;8.99
Piña Hawai;2.89
Piña Hawai;2.89
Plátano Palillo;5.99
Chirimoya Cumbe;9.9
Hierba Luisa x unidad;1.29
Manzana Nacional;7.8
Rocoto x unidad;1.99
Nabo x unidad;2.19
Frejol Chino;4.5
Berenjena un;3.19
Papa Andina Procesada;4.3
Pimiento Verde;9.7
Tuna Roja;8.49
Mango Haden;7.1
Hierba Buena x unidad;1.39
Alcachofa x unidad;5.99
Papa Cocktail Amarilla;4.5
Pitahaya Amarilla;24.5
Ensalada Col Zanahoria BELL'S FRESCOS Bolsa 250g;4.69
Ensalada Americana BELL'S FRESCOS Bolsa 500g;6.99
Ensalada Mix BELL'S FRESCOS Bolsa 150g;6.59
Arúgula Hidropónica BELL'S FRESCOS Bolsa 70g;4.99
Papa Prefrita Congelada AVIKO Rizadas Bolsa 750g;10.5
Zanahoria Congelada BELL'S Bolsa 500g;5.5
Mix de Frutas Congeladas BELL'S Bolsa 1kg;13.9
Ensalada Jardinera BELL'S Bolsa 500g;6.9
Papa Prefrita Congelada BEM BRASIL Crinkle Bolsa 1.05kg;12.5
Mix de Emoliente GUVA Bolsa 100g;3.3
Lechuga Roja Hidropónica BELL'S Bolsa 200g;4.5
Choclo Desgranado BELL'S Bolsa 500g;9.9
Arándanos Entero Congelado EL FRUTERO Bolsa 1Kg;20.5
Acelga BELL'S Bolsa 300g;3.99
Sopa de Verduras BELL'S Bandeja 500g;9.99
Mix Blueberries Aguaymanto BELL'S Bandeja 300g;9.9
Cocktail de Espárragos BELL'S Frescos Bandeja;7.5
Mix Vegetales Precocidos GREEN FOOD Bolsa 400g;7.0
Choclo Serrano Precocido Congelado GREEN FOOD Bolsa 400g;8.9
Lechuga Americana de Verano VIVA Bolsa Unidad;4.4
Espinaca  Bebé VERDE PURO Bolsa 180g;8.7
Jugo de Naranja ECOFRESH Botella 1.8L;19.7
Arveja Precocida GREEN FOOD Bolsa 400g;7.0
Melocotón para Dulce;7.99
Lechuga Hidropónica;2.99
Mix de Lechuga VERDE PURO Bolsa Unidad;6.7
Toronja Rosada Nacional;5.9
Hongos WILLKA Ostra Bandeja 200g;5.99
Arúgula VERDE PURO Paquete 160g;6.9
Manzanilla x unidad;1.49
Apio VIVA x un;7.5
Huacatay Atado;1.89
Bastones de Apio y Zanahoría BELL'S FRESCOS 250g;4.9
Papa Prefrita Congelada AVIKO Super Crunch Bolsa 750g;8.9
Espinaca VIVA Bolsa 400g;7.59
Baby Pepinillo BELL'S FRESCOS x un;5.5
Baby Rabanito BELL'S FRESCOS x un;4.39
Lechuga Romana MANANTIALES Bolsa 200g;3.79
Blueberries BELL'S FRESCOS Paquete 900g;21.9
Lechuga Romana BELL'S FRESCOS Bolsa 170g;3.69
Ensalada Mix Personal BELL'S FRESCOS Envase 100g;5.49
Papa Prefrita Congelada AVIKO Sazonada en Gajos Bolsa 500g;6.5
Mango Congelado en Trozos EL FRUTERO Bolsa 1kg;19.9
Coliflor Congelada BELL'S Bolsa 500g;6.5
Verduras Wok Mix BELL'S Bolsa 500g;6.9
Papa Prefrita Congelada BEM BRASIL Tradicional Bolsa 1.05kg;11.9
Jugo Sabor a Naranja ECOFRESH Botella 1L;14.5
Trozos de Piña Golden Congelada EL FRUTERO Bolsa 1Kg;20.5
Trozos de Papaya Congelada EL FRUTERO Bolsa 1Kg;17.6
Mix de Fresa, Papaya y Piña Congelada EL FRUTERO Bolsa 1Kg;18.5
Pulpa de Lúcuma Congelada EL FRUTERO Bolsa 500g;13.5
Pulpa de Maracuyá Congelada EL FRUTERO Bolsa 500g;11.8
Papa Prefrita Congelada FEST Amarilla Tumbay Doypack 1Kg;13.5
Piña en Trozos BELL'S Bandeja 500g;9.89
Piña en Trozos BELL'S Bandeja 700g;13.49
Piña en Trozos BELL'S Bandeja 300g;6.5
Papaya en Trozos BELL'S Bandeja 300g;5.69
Lúcuma Madura BELL'S;15.99
Espárrago BELL'S Premium Bandeja;7.7
Olluco Picado BELL'S Bandeja 400g;9.49
Zarzamora BELL'S Bandeja 100g;7.2
Mix Ensalada Precocida Congelada GREEN FOOD Bolsa 400g;6.5
Ajos Pelados EL SABOR Arequipeños Bandeja 250g;15.9
Ensalada Rusa Precocida GREEN FOOD Bolsa 400g;6.5
Albahaca Fresca VERDE PURO Bolsa 120g;6.9
Champiñón Crimini Picado PACCU Bandeja 200g;7.5
Kiwi Importado;18.6
Papa Prefrita Congelada Canchan con cáscara BELL'S Bolsa 500g;7.9
Yuca Amarilla Precocida GREEN FOOD Bolsa 400g;7.5
Lechuga Entera VERDE PURO;7.99
Col China Mitad x un;5.9
Uva Red Globe;15.2
Pepinillo Sin Pepas TODO SANO x un;6.49
Pepino Melón;8.9
Lechuga MANATIALES Morada;3.79
Corazones de Alcachofa CASA VERDE Frasco 280g;8.9
Trozos de Papaya Congelada BELL'S Bolsa 1Kg;12.9
Bastones de Apio BELL'S FRESCOS 250g;4.9
Ensalada Thai BELL'S FRESCOS 260g;11.99
Espinaca Bebé A Bolsa 120g;7.59
Infusión de Menta BELL'S Bolsa 50g;4.29
Choclo Baby BELL'S FRESCOS Bandeja;8.9
Ensalada Mix Primavera BELL'S FRESCOS Táper 150g;7.99
Mix Fresa, Piña y Mango Congelado EL FRUTERO Bolsa 1kg;17.9
Lechuga Romana VIVA Bolsa 1un;4.7
Jugo Nectar de Naranja ECOFRESH Botella 3.8L;35.39
Jugo de Naranja Mango Maracuya ECOFRESH Botella 1L;14.5
Jugo de Naranja Zanahoria ECOFRESH Botella 1L;14.5
Pulpa de Fresa Congelada EL FRUTERO Bolsa 500g;8.99
Pulpa de Mango Congelado EL FRUTERO Bolsa 500g;9.49
Ají Panca Seco BELL'S Bandeja 100g;8.8
Melón en Trozos BELL'S Bandeja 300g;5.6
Ensalada de Piña, Sandía y Melón BELL'S Bandeja 300g;5.69
Carambola Premium;8.99
Dátiles Deshidratado EL DÁTIL Táper 200g;12.99
Ensalada Mixta BELL'S Bandeja 500g;9.8
Arverja Desvainada BELL'S Bandeja 300g;10.7
Arroz con Pollo BELL'S Bandeja 200g;7.7
Sopa Mixta BELL'S Bandeja 500g;9.99
Aguaymanto BELL'S Bandeja 100g;2.7
Dátiles Frescos EL DÁTIL Envase 300g;22.49
Piña Golden en Trozos Congelada FEST Paquete 500g;7.5
Mango en Trozos Congelado FEST Paquete 500g;8.5
Lechuga Butterhead VIVA Bolsa Unidad;4.8
Tarwi Chocho Precocido Bolsa 250g;6.5
Garbanzo Precocido Bolsa 500g;6.49
Pallar Precocido Bolsa 500g;7.9
Mango en Trozos SOLEI Caja 300g;10.2
Jugo de Naranja ECOFRESH Botella 1L;12.5
Champiñón Portobello PACCU Bandeja 500g;18.5
Pitaya Golden SOLEI Bandeja 500g;17.9
Frambuesa Entera GREEN FOOD Bolsa 400g;29.89
Lechuga Crespa VIVA x un;4.8
Eucalipto x un;1.29
Caigua Chilena x un;2.99
Cocona;9.99
Fideo Chino SAN SEN Paquete 500g;4.89
Mani tostado cáscara Bandeja 250g;6.4
Ají Limo;14.99
Choclo Dulce VIVA Paquete 2un;11.9
Berros Hidropónicos VERDE PURO Taper 120g;10.3
Mix Frescos Blueberries Zarzamora BELL'S Bandeja 340g;18.9
Mix Zarzamora y Frambuesa BELL'S FRESCOS Bandeja 320g;24.9
Bastones de Zanahoria BELL'S FRESCOS 250g;4.9
Papa Prefrita Congelada BEM BRASIL Forma de Caritas Bolsa 1.05Kg;12.5
Jugo ZUMA Cold Pressed Perú Shot Defense 60ml Paquete 4un;19.0
Jugo de Naranja Zanahoria ECOFRESH Botella 400ml;6.59
Mix de Frutas FEST Loreto Doypack 350g;8.9
Eneldo BELL'S Bolsa 50g;3.99
Ensalada Mix La Itali BELL'S FRESCOS Envase 150g;7.49
Maíz Morado Deshidratado GUVA Bolsa 1kg;16.9
Maíz Mote Precocido GUVA Bolsa 500g;8.99
Cereza Entera GREEN FOOD Bolsa 400g;14.5
Jugo Nectar Tropical ECOFRESH Botella 1.8L;19.9
Jugo Nectar Tropical ECOFRESH Botella 3.8L;34.99
Jugo de Naranja Zanahoria ECOFRESH Botella 475ml;7.9
Jugo de Naranja ECOFRESH Botella 475ml;7.9
Jugo Nectar de Naranja ECOFRESH Botella 1L;12.5
Jugo Nectar de Naranja ECOFRESH Botella 1.8L;19.9
Rabanito VIVA! Bandeja 12un;6.4
Ají Marisol Seco BELL'S Bandeja 100g;7.9
Verdura Picada para Tallarín Saltado BELL'S Bandeja 400g;15.99
Locro BELL'S Bandeja 500g;9.4
Ají Jalapeño BELL'S;5.99
Fresa Juguerías DEL ANDE Bolsa 1Kg;14.5
Frijol Panamito Precocido Bolsa 500g;7.29
Acelga Fresca VERDE PURO Bolsa 120g;6.8
Jugo KING FRUITS Naranja Pasteurizada Botella 1.8L;19.99
Germinados de Brócoli AGE SPROUTS Bandeja 100g;16.8
Jugo KING FRUITS Naranja Botella 1L;11.99
Germinado / Sprouts AGE Bandeja 100g;14.5
Jugo KING FRUITS Mix fresa y naranja Botella 500ml;6.5
Jugo KING FRUITS Mix fresa y naranja Botella 1.8L;19.99
Anís Atado;1.99
Pepinillo Sin Pepas VIVA x un;7.2
Polenta Palito BEM BRASIL Bolsa 1.05 Kg;11.9
Jugo ZUMA Cold Pressed Perú Shot Power 60ml Paquete 4un;19.0
Mix Frutas Amazonas FEST Bolsa 350g;8.9
Punta de Espárragos BELL'S FRESCOS Paquete 250g;14.5
Jugo de Uva CASA DE BENTO Botella 1L;19.9
Romero BELL'S Bolsa 50g;4.49
Tomillo BELL'S Bolsa Bolsa 50g;4.49
Alfalfa Germinados BELL'S Táper 125g;9.5
Champiñones Precocidos Congelados FEST Doypack 500g;10.1
Jugo Nectar Tropical ECOFRESH Botella 1L;12.5
Jugo de Naranja Mango Maracuya ECOFRESH Botella 475ml;7.9
Ensalada de Uva, Sandía y Piña BELL'S Bandeja 300g;5.99
Ensalada de Papaya, Sandía y Melón BELL'S Bandeja 300g;5.69
Ajos Picados BELL'S Bandeja 200g;16.9
Aguadito BELL'S Bandeja 300g;9.99
Estofado de Pollo BELL'S Bandeja 200g;7.79
Estofado de Carne BELL'S Bandeja 200g;7.99
Sopa Wantán BELL'S Bandeja 400g;16.99
Cebolla Picada BELL'S Bandeja 200g;8.99
Ensalada de Melón, Mango y Uva SOLEI Bandeja 300g;9.2
Ensalada SOLEI Coco en Trozos Frasco 130g;7.1
Mix Italiano Precocido GREEN FOOD  Bolsa 400g;6.1
Mix de Germinados AGE SPROUTS Bandeja 100g;14.5
Ensalada Mix Mediterráneo VIVA Bandeja 120g;11.5
Mix Gourmet VIVA Bandeja 100g;11.5
Coco Unidad;12.99
Fideos Chinos SAN SEN Bolsa 1Kg;9.5
Jugo KING FRUITS Mix fresa y naranja Botella 1L;11.99
Ensalada Mix Primavera VIVA Bandeja 120g;11.5
Ensalda Festiva BELL'S FRESCOS 350g;16.5
Jugo ZUMA Cold Pressed Pressidente Botella 355ml;12.0
Mix de Frutas FEST Andes Doypack 350g;8.9
Jugo de Uva Blanco CASA DE BENTO Botella 300ml;7.9
Jugo de Uva CASA DE BENTO Botella 295ML;7.9
Jugo Naranja Beterraga KING FRUITS 500ml;6.5
Quinua Blanca Precocida Bolsa 500g;9.19
Agua de Piña Light LA FLORENCIA Botella 480ml;5.19
Calabaza Halloween x Kg;4.5
Jugo KING FRUITS Naranja Pasteurizado Botella 500ml;6.5
Jugo ZUMA Cold Pressed Perú Shot Defense Botella 60ml;5.0
Jugo ZUMA Cold Pressed Amor Amarelo Botella 355ml;12.0
Jugo ZUMA Cold Pressed Perú Shot Energy Botella 60ml;5.0
Jugo ZUMA Cold Pressed Sanahoria Mecánica Botella 355ml;12.0
Jugo ZUMA Cold Pressed Perú Shot Energy 60ml Paquete 4un;19.0
Jugo ZUMA Cold Pressed Citricazo Botella 355ml;12.0
Jugo ZUMA Cold Pressed Perú Shot Power Botella 60ml;5.0
Jugo ZUMA Cold Pressed Betebrava Botella 355ml;12.0
Nectar Naranja PV ECOFRESH Botella 400ml;6.59
Jugo Néctar Tropical ECOFRESH Botella 400ml;6.59
Jugo de Uva Blanco CASA DE BENTO Botella 1L;19.9
Puntas de Espárragos EL HUERTO Bandeja 250g;12.9
Quinua Tricolor Precocida Bolsa 500g;9.19
Frijol Canario Precocido Bolsa 500g;9.29
Bebida de Camu Camu LA FLORENCIA Botella 480ml;6.19
Jugo LA FLORENCIA Piña golden Botella 485Ml;5.39
Germinados de Lenteja AGE Bandeja 100g;15.0
Germinados de Trigo AGE SPROUTS Bandeja 200g;15.0
Culantro BELL'S Bolsa 60g;1.5
Lechuga MANANTIALES  Crespa Hidropónica;3.7
Lechuga MANANTIALES Seda Hidropónica;3.7
Arúgula Hidropónica MANANTIALES Bolsa 150g;5.99
Toronja Costa sin Pepa x Kg;6.99
Lechuga Butterhead VIVA Paquete 1un;8.5
Esparrago Verde Entero EL HUERTO Paquete 330g;9.29
Lechuga Lollo Rossa VIVA;4.7
CAFÉ GANODERMA COFFEE 3 EN 1 PIOIR;139.0
LINGZHI COFFE 3 EN 1 DxN;119.0
VITACAFÉ 6 en 1 DxN;129.0
GANODERMA COFFEE 3 EN 1 PIOIR;139.0
